-- phpMyAdmin SQL Dump
-- version 5.2.1
-- Host: core-mariadb:3306
-- Versão do servidor: 10.11.6-MariaDB
-- Versão do PHP: 8.2.28

SET FOREIGN_KEY_CHECKS=0;
SET SQL_MODE = "NO_AUTO_VALUE_ON_ZERO";
START TRANSACTION;
SET time_zone = "+00:00";


/*!40101 SET @OLD_CHARACTER_SET_CLIENT=@@CHARACTER_SET_CLIENT */;
/*!40101 SET @OLD_CHARACTER_SET_RESULTS=@@CHARACTER_SET_RESULTS */;
/*!40101 SET @OLD_COLLATION_CONNECTION=@@COLLATION_CONNECTION */;
/*!40101 SET NAMES utf8mb4 */;

--
-- Banco de dados: `node_red_db`
--
CREATE DATABASE IF NOT EXISTS `node_red_db` DEFAULT CHARACTER SET utf8mb4 COLLATE utf8mb4_unicode_ci;
USE `node_red_db`;

-- --------------------------------------------------------

--
-- Estrutura para tabela `cache_frases_temporario`
--

CREATE TABLE `cache_frases_temporario` (
  `id` int(11) NOT NULL,
  `frase_id` int(11) DEFAULT NULL,
  `data_criacao` timestamp NULL DEFAULT current_timestamp(),
  `node_id` varchar(255) DEFAULT NULL
) ENGINE=InnoDB DEFAULT CHARSET=utf8mb4 COLLATE=utf8mb4_unicode_ci;

--
-- RELACIONAMENTOS PARA TABELAS `cache_frases_temporario`:
--   `frase_id`
--       `frases` -> `id`
--

--
-- Despejando dados para a tabela `cache_frases_temporario`
--

INSERT INTO `cache_frases_temporario` (`id`, `frase_id`, `data_criacao`, `node_id`) VALUES
(612, 468, '2025-05-12 23:44:14', 'ee3489c69f474e78-06ce7cd25000000'),
(615, 498, '2025-05-14 02:49:44', 'ee3489c69f474e78-06ce7cd25000000'),
(616, 74, '2025-05-14 03:15:52', 'd61438adf000000-06ce7cd25000000'),
(617, 506, '2025-05-15 02:37:01', 'ee3489c69f474e78-06ce7cd25000000'),
(618, 507, '2025-05-16 01:40:34', 'ee3489c69f474e78-06ce7cd25000000'),
(619, 255, '2025-05-16 03:46:56', 'd61438adf000000-06ce7cd25000000'),
(620, 242, '2025-05-16 03:47:01', 'd61438adf000000-06ce7cd25000000'),
(621, 511, '2025-05-17 05:14:39', 'ee3489c69f474e78-06ce7cd25000000'),
(622, 240, '2025-05-17 05:31:14', 'd61438adf000000-06ce7cd25000000'),
(623, 495, '2025-05-18 01:22:25', 'ee3489c69f474e78-06ce7cd25000000'),
(624, 508, '2025-05-19 00:03:07', 'ee3489c69f474e78-06ce7cd25000000'),
(625, 425, '2025-05-20 01:13:35', 'ee3489c69f474e78-06ce7cd25000000'),
(626, 50, '2025-05-20 03:59:19', 'd61438adf000000-06ce7cd25000000'),
(627, 97, '2025-05-20 03:59:35', 'd61438adf000000-06ce7cd25000000'),
(628, 424, '2025-05-21 02:12:18', 'ee3489c69f474e78-06ce7cd25000000'),
(629, 120, '2025-05-21 02:48:53', 'd61438adf000000-06ce7cd25000000'),
(630, 119, '2025-05-21 04:01:27', 'd61438adf000000-06ce7cd25000000'),
(631, 11, '2025-05-21 04:01:34', 'd61438adf000000-06ce7cd25000000'),
(632, 482, '2025-05-22 02:22:50', 'ee3489c69f474e78-06ce7cd25000000'),
(633, 221, '2025-05-22 03:36:44', 'd61438adf000000-06ce7cd25000000'),
(634, 19, '2025-05-22 03:36:46', 'd61438adf000000-06ce7cd25000000'),
(635, 479, '2025-05-23 01:23:51', 'ee3489c69f474e78-06ce7cd25000000'),
(636, 473, '2025-05-23 23:56:06', 'ee3489c69f474e78-06ce7cd25000000'),
(637, 155, '2025-05-24 02:31:30', 'd61438adf000000-06ce7cd25000000'),
(638, 243, '2025-05-24 02:31:35', 'd61438adf000000-06ce7cd25000000'),
(639, 86, '2025-05-25 00:37:00', 'd61438adf000000-06ce7cd25000000'),
(640, 207, '2025-05-25 20:52:01', 'd61438adf000000-06ce7cd25000000'),
(641, 10, '2025-05-25 20:53:22', 'd61438adf000000-06ce7cd25000000'),
(642, 257, '2025-05-25 20:53:29', 'd61438adf000000-06ce7cd25000000'),
(643, 496, '2025-05-25 23:30:26', 'ee3489c69f474e78-06ce7cd25000000'),
(644, 484, '2025-05-27 01:52:38', 'ee3489c69f474e78-06ce7cd25000000'),
(645, 280, '2025-05-27 19:49:41', 'd61438adf000000-06ce7cd25000000'),
(646, 433, '2025-05-28 00:42:09', 'ee3489c69f474e78-06ce7cd25000000'),
(647, 505, '2025-05-28 23:44:46', 'ee3489c69f474e78-06ce7cd25000000'),
(648, 61, '2025-05-29 16:34:42', 'd61438adf000000-06ce7cd25000000'),
(649, 217, '2025-05-29 16:34:46', 'd61438adf000000-06ce7cd25000000'),
(650, 9, '2025-05-29 17:40:14', 'd61438adf000000-06ce7cd25000000'),
(651, 23, '2025-05-29 17:40:36', 'd61438adf000000-06ce7cd25000000'),
(652, 129, '2025-05-29 17:40:54', 'd61438adf000000-06ce7cd25000000'),
(653, 267, '2025-05-29 17:40:59', 'd61438adf000000-06ce7cd25000000'),
(654, 37, '2025-05-29 17:41:39', 'd61438adf000000-06ce7cd25000000'),
(655, 1, '2025-05-29 17:53:14', 'd61438adf000000-06ce7cd25000000'),
(656, 231, '2025-05-29 17:53:16', 'd61438adf000000-06ce7cd25000000'),
(657, 193, '2025-05-29 17:54:21', 'd61438adf000000-06ce7cd25000000'),
(658, 287, '2025-05-29 17:55:32', 'd61438adf000000-06ce7cd25000000'),
(659, 138, '2025-05-29 17:55:46', 'd61438adf000000-06ce7cd25000000'),
(660, 32, '2025-05-29 17:55:55', 'd61438adf000000-06ce7cd25000000'),
(661, 121, '2025-05-29 18:00:54', 'd61438adf000000-06ce7cd25000000'),
(662, 251, '2025-05-29 18:00:59', 'd61438adf000000-06ce7cd25000000'),
(663, 42, '2025-05-29 18:03:31', 'd61438adf000000-06ce7cd25000000'),
(664, 105, '2025-05-29 18:08:17', 'd61438adf000000-06ce7cd25000000'),
(665, 276, '2025-05-29 18:08:36', 'd61438adf000000-06ce7cd25000000'),
(666, 154, '2025-05-29 18:14:43', 'd61438adf000000-06ce7cd25000000'),
(667, 64, '2025-05-29 18:39:48', 'd61438adf000000-06ce7cd25000000'),
(668, 24, '2025-05-29 18:40:23', 'd61438adf000000-06ce7cd25000000'),
(669, 252, '2025-05-29 18:42:24', 'd61438adf000000-06ce7cd25000000'),
(670, 96, '2025-05-29 18:50:41', 'd61438adf000000-06ce7cd25000000'),
(671, 270, '2025-05-29 18:51:48', 'd61438adf000000-06ce7cd25000000'),
(672, 114, '2025-05-29 20:51:46', 'd61438adf000000-06ce7cd25000000'),
(673, 41, '2025-05-29 23:35:21', 'd61438adf000000-06ce7cd25000000'),
(674, 79, '2025-05-29 23:35:45', 'd61438adf000000-06ce7cd25000000'),
(675, 229, '2025-05-29 23:36:35', 'd61438adf000000-06ce7cd25000000'),
(676, 245, '2025-05-29 23:36:44', 'd61438adf000000-06ce7cd25000000'),
(677, 285, '2025-05-29 23:36:56', 'd61438adf000000-06ce7cd25000000'),
(678, 60, '2025-05-29 23:37:43', 'd61438adf000000-06ce7cd25000000'),
(679, 76, '2025-05-29 23:38:14', 'd61438adf000000-06ce7cd25000000'),
(680, 38, '2025-05-29 23:38:17', 'd61438adf000000-06ce7cd25000000'),
(681, 158, '2025-05-29 23:44:55', 'd61438adf000000-06ce7cd25000000'),
(682, 248, '2025-05-29 23:45:19', 'd61438adf000000-06ce7cd25000000'),
(683, 238, '2025-05-29 23:47:43', 'd61438adf000000-06ce7cd25000000'),
(684, 230, '2025-05-29 23:52:23', 'd61438adf000000-06ce7cd25000000'),
(685, 128, '2025-05-29 23:52:44', 'd61438adf000000-06ce7cd25000000'),
(686, 509, '2025-05-30 00:07:05', 'ee3489c69f474e78-06ce7cd25000000'),
(687, 54, '2025-05-30 02:30:35', 'd61438adf000000-06ce7cd25000000'),
(688, 272, '2025-05-30 02:31:12', 'd61438adf000000-06ce7cd25000000'),
(689, 268, '2025-05-30 02:31:31', 'd61438adf000000-06ce7cd25000000'),
(690, 104, '2025-05-30 02:32:36', 'd61438adf000000-06ce7cd25000000'),
(691, 63, '2025-05-30 02:34:11', 'd61438adf000000-06ce7cd25000000'),
(692, 2, '2025-05-30 02:59:43', 'd61438adf000000-06ce7cd25000000'),
(693, 55, '2025-05-30 03:00:45', 'd61438adf000000-06ce7cd25000000'),
(694, 222, '2025-05-30 03:01:30', 'd61438adf000000-06ce7cd25000000'),
(695, 279, '2025-05-30 03:04:06', 'd61438adf000000-06ce7cd25000000'),
(696, 82, '2025-05-30 03:19:13', 'd61438adf000000-06ce7cd25000000'),
(697, 81, '2025-05-30 03:23:21', 'd61438adf000000-06ce7cd25000000'),
(698, 68, '2025-05-30 03:24:35', 'd61438adf000000-06ce7cd25000000'),
(699, 57, '2025-05-30 03:25:30', 'd61438adf000000-06ce7cd25000000'),
(700, 29, '2025-05-30 03:26:59', 'd61438adf000000-06ce7cd25000000'),
(701, 206, '2025-05-30 03:27:36', 'd61438adf000000-06ce7cd25000000'),
(702, 98, '2025-05-30 03:32:17', 'd61438adf000000-06ce7cd25000000'),
(703, 180, '2025-05-30 03:32:53', 'd61438adf000000-06ce7cd25000000'),
(704, 99, '2025-05-30 03:37:13', 'd61438adf000000-06ce7cd25000000'),
(705, 33, '2025-05-30 03:39:13', 'd61438adf000000-06ce7cd25000000'),
(706, 199, '2025-05-30 03:45:15', 'd61438adf000000-06ce7cd25000000'),
(707, 170, '2025-05-30 03:47:09', 'd61438adf000000-06ce7cd25000000'),
(708, 277, '2025-05-30 03:53:11', 'd61438adf000000-06ce7cd25000000'),
(709, 145, '2025-05-30 04:02:04', 'd61438adf000000-06ce7cd25000000'),
(710, 150, '2025-05-30 14:17:06', 'd61438adf000000-06ce7cd25000000'),
(711, 75, '2025-05-30 14:44:51', 'd61438adf000000-06ce7cd25000000'),
(712, 116, '2025-05-30 14:51:43', 'd61438adf000000-06ce7cd25000000'),
(713, 274, '2025-05-30 14:52:38', 'd61438adf000000-06ce7cd25000000'),
(714, 139, '2025-05-30 14:52:40', 'd61438adf000000-06ce7cd25000000'),
(715, 292, '2025-05-30 14:54:26', 'd61438adf000000-06ce7cd25000000'),
(716, 48, '2025-05-30 14:54:35', 'd61438adf000000-06ce7cd25000000'),
(717, 102, '2025-05-30 14:56:07', 'd61438adf000000-06ce7cd25000000'),
(718, 108, '2025-05-30 14:57:24', 'd61438adf000000-06ce7cd25000000'),
(719, 211, '2025-05-30 14:58:02', 'd61438adf000000-06ce7cd25000000'),
(720, 286, '2025-05-30 15:14:51', 'd61438adf000000-06ce7cd25000000'),
(721, 142, '2025-05-30 15:22:28', 'd61438adf000000-06ce7cd25000000'),
(722, 188, '2025-05-30 15:22:32', 'd61438adf000000-06ce7cd25000000'),
(723, 185, '2025-05-30 15:22:57', 'd61438adf000000-06ce7cd25000000'),
(724, 258, '2025-05-30 15:28:23', 'd61438adf000000-06ce7cd25000000'),
(725, 14, '2025-05-30 15:31:50', 'd61438adf000000-06ce7cd25000000'),
(726, 249, '2025-05-30 15:34:53', 'd61438adf000000-06ce7cd25000000'),
(727, 184, '2025-05-30 15:34:55', 'd61438adf000000-06ce7cd25000000'),
(728, 113, '2025-05-30 15:35:30', 'd61438adf000000-06ce7cd25000000'),
(729, 213, '2025-05-30 15:36:11', 'd61438adf000000-06ce7cd25000000'),
(730, 84, '2025-05-30 15:36:13', 'd61438adf000000-06ce7cd25000000'),
(731, 250, '2025-05-30 17:50:26', 'd61438adf000000-06ce7cd25000000'),
(732, 210, '2025-05-30 17:52:28', 'd61438adf000000-06ce7cd25000000'),
(733, 125, '2025-05-30 17:52:41', 'd61438adf000000-06ce7cd25000000'),
(734, 263, '2025-05-30 17:57:10', 'd61438adf000000-06ce7cd25000000'),
(735, 237, '2025-05-30 17:58:05', 'd61438adf000000-06ce7cd25000000'),
(736, 47, '2025-05-30 17:59:04', 'd61438adf000000-06ce7cd25000000'),
(737, 133, '2025-05-30 17:59:39', 'd61438adf000000-06ce7cd25000000'),
(738, 236, '2025-05-30 18:01:05', 'd61438adf000000-06ce7cd25000000'),
(739, 218, '2025-05-30 18:02:35', 'd61438adf000000-06ce7cd25000000'),
(740, 28, '2025-05-30 18:03:09', 'd61438adf000000-06ce7cd25000000'),
(741, 271, '2025-05-30 18:03:56', 'd61438adf000000-06ce7cd25000000'),
(742, 51, '2025-05-30 18:04:58', 'd61438adf000000-06ce7cd25000000'),
(743, 90, '2025-05-30 18:12:56', 'd61438adf000000-06ce7cd25000000'),
(744, 26, '2025-05-30 18:13:11', 'd61438adf000000-06ce7cd25000000'),
(745, 115, '2025-05-30 18:14:43', 'd61438adf000000-06ce7cd25000000'),
(746, 15, '2025-05-30 18:20:32', 'd61438adf000000-06ce7cd25000000'),
(747, 228, '2025-05-30 20:41:12', 'd61438adf000000-06ce7cd25000000'),
(748, 151, '2025-05-30 20:55:23', 'd61438adf000000-06ce7cd25000000'),
(749, 27, '2025-05-30 20:59:15', 'd61438adf000000-06ce7cd25000000'),
(750, 127, '2025-05-30 21:00:04', 'd61438adf000000-06ce7cd25000000'),
(751, 39, '2025-05-30 21:07:39', 'd61438adf000000-06ce7cd25000000'),
(752, 78, '2025-05-30 21:10:27', 'd61438adf000000-06ce7cd25000000'),
(753, 179, '2025-05-30 21:13:27', 'd61438adf000000-06ce7cd25000000'),
(754, 282, '2025-05-30 21:14:36', 'd61438adf000000-06ce7cd25000000'),
(755, 17, '2025-05-30 21:16:30', 'd61438adf000000-06ce7cd25000000'),
(756, 187, '2025-05-30 21:23:11', 'd61438adf000000-06ce7cd25000000'),
(757, 62, '2025-05-30 21:23:46', 'd61438adf000000-06ce7cd25000000'),
(758, 165, '2025-05-30 21:34:37', 'd61438adf000000-06ce7cd25000000'),
(759, 118, '2025-05-30 21:36:23', 'd61438adf000000-06ce7cd25000000'),
(760, 178, '2025-05-30 21:46:10', 'd61438adf000000-06ce7cd25000000'),
(761, 174, '2025-05-30 21:46:43', 'd61438adf000000-06ce7cd25000000'),
(762, 31, '2025-05-30 21:48:42', 'd61438adf000000-06ce7cd25000000'),
(763, 36, '2025-05-30 21:56:45', 'd61438adf000000-06ce7cd25000000'),
(764, 260, '2025-05-30 21:57:08', 'd61438adf000000-06ce7cd25000000'),
(765, 173, '2025-05-30 23:06:15', 'd61438adf000000-06ce7cd25000000'),
(766, 439, '2025-05-31 00:04:17', 'ee3489c69f474e78-06ce7cd25000000'),
(767, 233, '2025-05-31 04:39:33', 'd61438adf000000-06ce7cd25000000'),
(768, 5, '2025-05-31 04:39:40', 'd61438adf000000-06ce7cd25000000'),
(769, 93, '2025-05-31 04:39:53', 'd61438adf000000-06ce7cd25000000'),
(770, 485, '2025-06-01 01:23:26', 'ee3489c69f474e78-06ce7cd25000000'),
(771, 470, '2025-06-02 02:43:27', 'ee3489c69f474e78-06ce7cd25000000'),
(772, 247, '2025-06-02 03:12:53', 'd61438adf000000-06ce7cd25000000'),
(773, 67, '2025-06-02 03:12:58', 'd61438adf000000-06ce7cd25000000'),
(774, 103, '2025-06-02 03:13:10', 'd61438adf000000-06ce7cd25000000'),
(775, 177, '2025-06-02 03:13:13', 'd61438adf000000-06ce7cd25000000'),
(776, 144, '2025-06-02 03:14:04', 'd61438adf000000-06ce7cd25000000'),
(777, 44, '2025-06-02 03:14:14', 'd61438adf000000-06ce7cd25000000'),
(778, 136, '2025-06-02 03:14:20', 'd61438adf000000-06ce7cd25000000'),
(779, 106, '2025-06-02 03:14:21', 'd61438adf000000-06ce7cd25000000'),
(780, 6, '2025-06-02 21:39:57', 'd61438adf000000-06ce7cd25000000'),
(781, 20, '2025-06-02 21:41:46', 'd61438adf000000-06ce7cd25000000'),
(782, 160, '2025-06-02 21:42:30', 'd61438adf000000-06ce7cd25000000'),
(783, 288, '2025-06-02 21:43:15', 'd61438adf000000-06ce7cd25000000'),
(784, 190, '2025-06-03 04:04:37', 'd61438adf000000-06ce7cd25000000'),
(785, 198, '2025-06-03 04:08:01', 'd61438adf000000-06ce7cd25000000'),
(786, 226, '2025-06-03 04:14:50', 'd61438adf000000-06ce7cd25000000'),
(787, 123, '2025-06-03 04:17:11', 'd61438adf000000-06ce7cd25000000'),
(788, 92, '2025-06-03 04:21:10', 'd61438adf000000-06ce7cd25000000'),
(789, 234, '2025-06-03 04:22:20', 'd61438adf000000-06ce7cd25000000'),
(790, 291, '2025-06-03 04:23:58', 'd61438adf000000-06ce7cd25000000'),
(791, 89, '2025-06-03 04:25:59', 'd61438adf000000-06ce7cd25000000'),
(792, 8, '2025-06-03 04:26:33', 'd61438adf000000-06ce7cd25000000'),
(793, 253, '2025-06-03 04:32:07', 'd61438adf000000-06ce7cd25000000'),
(794, 3, '2025-06-03 04:32:33', 'd61438adf000000-06ce7cd25000000'),
(795, 266, '2025-06-03 04:36:40', 'd61438adf000000-06ce7cd25000000'),
(796, 134, '2025-06-03 04:39:30', 'd61438adf000000-06ce7cd25000000'),
(797, 147, '2025-06-03 04:41:26', 'd61438adf000000-06ce7cd25000000'),
(798, 16, '2025-06-03 04:44:43', 'd61438adf000000-06ce7cd25000000'),
(799, 122, '2025-06-03 05:09:41', 'd61438adf000000-06ce7cd25000000'),
(800, 49, '2025-06-03 05:12:37', 'd61438adf000000-06ce7cd25000000'),
(801, 56, '2025-06-03 05:14:42', 'd61438adf000000-06ce7cd25000000'),
(802, 73, '2025-06-03 23:23:49', 'd61438adf000000-06ce7cd25000000'),
(803, 159, '2025-06-03 23:27:03', 'd61438adf000000-06ce7cd25000000'),
(804, 262, '2025-06-03 23:27:48', 'd61438adf000000-06ce7cd25000000'),
(805, 189, '2025-06-04 02:53:34', 'd61438adf000000-06ce7cd25000000'),
(806, 284, '2025-06-04 02:59:03', 'd61438adf000000-06ce7cd25000000'),
(807, 94, '2025-06-04 03:02:00', 'd61438adf000000-06ce7cd25000000'),
(808, 197, '2025-06-04 03:02:18', 'd61438adf000000-06ce7cd25000000'),
(809, 70, '2025-06-04 03:03:14', 'd61438adf000000-06ce7cd25000000'),
(810, 220, '2025-06-04 03:04:07', 'd61438adf000000-06ce7cd25000000'),
(811, 171, '2025-06-04 03:08:12', 'd61438adf000000-06ce7cd25000000'),
(812, 224, '2025-06-04 03:14:54', 'd61438adf000000-06ce7cd25000000'),
(813, 59, '2025-06-04 03:18:48', 'd61438adf000000-06ce7cd25000000'),
(814, 112, '2025-06-04 03:19:09', 'd61438adf000000-06ce7cd25000000'),
(815, 241, '2025-06-04 03:34:48', 'd61438adf000000-06ce7cd25000000'),
(816, 265, '2025-06-04 03:52:05', 'd61438adf000000-06ce7cd25000000'),
(817, 200, '2025-06-04 03:57:44', 'd61438adf000000-06ce7cd25000000'),
(818, 140, '2025-06-04 04:00:21', 'd61438adf000000-06ce7cd25000000'),
(819, 202, '2025-06-04 04:01:48', 'd61438adf000000-06ce7cd25000000'),
(820, 130, '2025-06-04 04:03:02', 'd61438adf000000-06ce7cd25000000'),
(821, 35, '2025-06-04 04:09:53', 'd61438adf000000-06ce7cd25000000'),
(822, 110, '2025-06-04 04:10:12', 'd61438adf000000-06ce7cd25000000'),
(823, 126, '2025-06-04 04:13:10', 'd61438adf000000-06ce7cd25000000'),
(824, 196, '2025-06-04 04:13:56', 'd61438adf000000-06ce7cd25000000'),
(825, 205, '2025-06-04 04:14:38', 'd61438adf000000-06ce7cd25000000'),
(826, 203, '2025-06-04 04:17:57', 'd61438adf000000-06ce7cd25000000'),
(827, 195, '2025-06-04 04:20:12', 'd61438adf000000-06ce7cd25000000'),
(828, 209, '2025-06-04 04:21:03', 'd61438adf000000-06ce7cd25000000'),
(829, 87, '2025-06-05 14:44:28', 'd61438adf000000-06ce7cd25000000'),
(830, 201, '2025-06-05 14:44:39', 'd61438adf000000-06ce7cd25000000'),
(831, 25, '2025-06-07 21:00:15', 'd61438adf000000-06ce7cd25000000'),
(832, 131, '2025-06-07 21:01:38', 'd61438adf000000-06ce7cd25000000'),
(833, 107, '2025-06-09 15:21:10', 'd61438adf000000-06ce7cd25000000'),
(834, 95, '2025-06-10 03:31:54', 'd61438adf000000-06ce7cd25000000'),
(835, 77, '2025-06-10 03:31:59', 'd61438adf000000-06ce7cd25000000'),
(836, 686, '2025-06-10 12:20:21', '6ecb533ccab942e8-06ce7cd25000000'),
(837, 191, '2025-06-10 12:20:21', 'd61438adf000000-06ce7cd25000000'),
(838, 642, '2025-06-10 14:59:24', '6ecb533ccab942e8-06ce7cd25000000'),
(839, 21, '2025-06-10 14:59:24', 'd61438adf000000-06ce7cd25000000'),
(840, 289, '2025-06-10 15:01:13', 'd61438adf000000-06ce7cd25000000'),
(841, 660, '2025-06-10 15:01:13', '6ecb533ccab942e8-06ce7cd25000000'),
(842, 668, '2025-06-10 15:07:39', '6ecb533ccab942e8-06ce7cd25000000'),
(843, 83, '2025-06-10 15:07:39', 'd61438adf000000-06ce7cd25000000'),
(844, 634, '2025-06-10 15:09:00', '6ecb533ccab942e8-06ce7cd25000000'),
(845, 227, '2025-06-10 15:09:00', 'd61438adf000000-06ce7cd25000000'),
(846, 22, '2025-06-10 15:09:43', 'd61438adf000000-06ce7cd25000000'),
(847, 630, '2025-06-10 15:09:43', '6ecb533ccab942e8-06ce7cd25000000'),
(848, 691, '2025-06-10 15:10:22', '6ecb533ccab942e8-06ce7cd25000000'),
(849, 4, '2025-06-10 15:10:22', 'd61438adf000000-06ce7cd25000000'),
(850, 681, '2025-06-10 15:14:21', '6ecb533ccab942e8-06ce7cd25000000'),
(851, 281, '2025-06-10 15:14:21', 'd61438adf000000-06ce7cd25000000'),
(852, 628, '2025-06-10 15:15:13', '6ecb533ccab942e8-06ce7cd25000000'),
(853, 34, '2025-06-10 15:15:13', 'd61438adf000000-06ce7cd25000000'),
(854, 663, '2025-06-10 15:17:13', '6ecb533ccab942e8-06ce7cd25000000'),
(855, 204, '2025-06-10 15:17:13', 'd61438adf000000-06ce7cd25000000'),
(856, 649, '2025-06-10 15:27:56', '6ecb533ccab942e8-06ce7cd25000000'),
(857, 30, '2025-06-10 15:27:56', 'd61438adf000000-06ce7cd25000000'),
(858, 626, '2025-06-10 15:28:30', '6ecb533ccab942e8-06ce7cd25000000'),
(859, 46, '2025-06-10 15:28:30', 'd61438adf000000-06ce7cd25000000'),
(860, 636, '2025-06-10 22:46:50', '6ecb533ccab942e8-06ce7cd25000000'),
(861, 100, '2025-06-10 22:46:50', 'd61438adf000000-06ce7cd25000000'),
(862, 609, '2025-06-10 23:04:46', '6ecb533ccab942e8-06ce7cd25000000'),
(863, 13, '2025-06-10 23:04:46', 'd61438adf000000-06ce7cd25000000'),
(864, 290, '2025-06-10 23:06:18', 'd61438adf000000-06ce7cd25000000'),
(865, 605, '2025-06-10 23:06:18', '6ecb533ccab942e8-06ce7cd25000000'),
(866, 653, '2025-06-10 23:06:42', '6ecb533ccab942e8-06ce7cd25000000'),
(867, 176, '2025-06-10 23:06:42', 'd61438adf000000-06ce7cd25000000'),
(868, 109, '2025-06-10 23:08:08', 'd61438adf000000-06ce7cd25000000'),
(869, 637, '2025-06-11 12:13:51', '6ecb533ccab942e8-06ce7cd25000000'),
(870, 687, '2025-06-11 14:58:33', '6ecb533ccab942e8-06ce7cd25000000'),
(871, 658, '2025-06-12 12:30:18', '6ecb533ccab942e8-06ce7cd25000000'),
(872, 317, '2025-06-13 03:44:27', 'c1457ed56c2cfd6e-06ce7cd25000000'),
(873, 409, '2025-06-13 03:47:51', 'c1457ed56c2cfd6e-06ce7cd25000000'),
(874, 402, '2025-06-13 03:51:00', 'c1457ed56c2cfd6e-06ce7cd25000000'),
(875, 332, '2025-06-13 03:53:18', 'c1457ed56c2cfd6e-06ce7cd25000000'),
(876, 422, '2025-06-13 04:02:15', 'c1457ed56c2cfd6e-06ce7cd25000000'),
(877, 411, '2025-06-13 04:03:00', 'c1457ed56c2cfd6e-06ce7cd25000000'),
(878, 412, '2025-06-13 04:04:05', 'c1457ed56c2cfd6e-06ce7cd25000000'),
(879, 363, '2025-06-13 04:04:14', 'c1457ed56c2cfd6e-06ce7cd25000000'),
(880, 411, '2025-06-13 04:04:40', '89e299eaf56aa151-06ce7cd25000000'),
(881, 337, '2025-06-13 04:04:47', 'd67c0766532bf9b4-06ce7cd25000000'),
(882, 410, '2025-06-13 04:05:20', 'd67c0766532bf9b4-06ce7cd25000000'),
(883, 397, '2025-06-13 04:05:23', '89e299eaf56aa151-06ce7cd25000000'),
(884, 421, '2025-06-13 04:05:48', '89e299eaf56aa151-06ce7cd25000000'),
(885, 382, '2025-06-13 04:07:00', '89e299eaf56aa151-06ce7cd25000000'),
(886, 334, '2025-06-13 04:07:09', 'd67c0766532bf9b4-06ce7cd25000000'),
(887, 356, '2025-06-13 04:08:19', '89e299eaf56aa151-06ce7cd25000000'),
(888, 404, '2025-06-13 04:08:37', 'd67c0766532bf9b4-06ce7cd25000000'),
(889, 402, '2025-06-13 04:11:17', '89e299eaf56aa151-06ce7cd25000000'),
(890, 385, '2025-06-13 04:13:20', '89e299eaf56aa151-06ce7cd25000000'),
(891, 329, '2025-06-13 04:14:15', '05f102228f44567d-06ce7cd25000000'),
(892, 646, '2025-06-13 12:19:06', '6ecb533ccab942e8-06ce7cd25000000'),
(893, 385, '2025-06-13 15:13:57', 'c1457ed56c2cfd6e-06ce7cd25000000'),
(894, 321, '2025-06-13 15:14:16', 'c1457ed56c2cfd6e-06ce7cd25000000'),
(895, 422, '2025-06-13 15:14:32', '05f102228f44567d-06ce7cd25000000'),
(896, 350, '2025-06-13 15:14:50', 'c1457ed56c2cfd6e-06ce7cd25000000'),
(897, 401, '2025-06-13 15:16:20', 'c1457ed56c2cfd6e-06ce7cd25000000'),
(898, 342, '2025-06-13 15:17:09', '05f102228f44567d-06ce7cd25000000'),
(899, 465, '2025-06-14 01:40:54', 'ee3489c69f474e78-06ce7cd25000000'),
(900, 631, '2025-06-14 14:31:37', '6ecb533ccab942e8-06ce7cd25000000'),
(901, 497, '2025-06-15 00:09:56', 'ee3489c69f474e78-06ce7cd25000000'),
(902, 640, '2025-06-15 00:09:58', '6ecb533ccab942e8-06ce7cd25000000'),
(903, 443, '2025-06-16 00:39:01', 'ee3489c69f474e78-06ce7cd25000000'),
(904, 679, '2025-06-16 12:31:51', '6ecb533ccab942e8-06ce7cd25000000'),
(905, 670, '2025-06-16 12:31:52', '6ecb533ccab942e8-06ce7cd25000000'),
(906, 462, '2025-06-17 03:00:31', 'ee3489c69f474e78-06ce7cd25000000'),
(907, 685, '2025-06-17 12:14:05', '6ecb533ccab942e8-06ce7cd25000000'),
(908, 456, '2025-06-18 03:35:55', 'ee3489c69f474e78-06ce7cd25000000'),
(909, 662, '2025-06-18 12:05:17', '6ecb533ccab942e8-06ce7cd25000000'),
(910, 448, '2025-06-18 23:36:42', 'ee3489c69f474e78-06ce7cd25000000'),
(911, 665, '2025-06-19 15:47:23', '6ecb533ccab942e8-06ce7cd25000000'),
(912, 643, '2025-06-19 17:12:19', '6ecb533ccab942e8-06ce7cd25000000'),
(913, 483, '2025-06-21 00:35:12', 'ee3489c69f474e78-06ce7cd25000000'),
(914, 635, '2025-06-21 17:15:14', '6ecb533ccab942e8-06ce7cd25000000'),
(915, 499, '2025-06-21 23:37:00', 'ee3489c69f474e78-06ce7cd25000000'),
(916, 624, '2025-06-22 18:36:54', '6ecb533ccab942e8-06ce7cd25000000'),
(917, 444, '2025-06-23 00:13:50', 'ee3489c69f474e78-06ce7cd25000000'),
(918, 617, '2025-06-23 12:22:50', '6ecb533ccab942e8-06ce7cd25000000'),
(919, 503, '2025-06-24 01:04:53', 'ee3489c69f474e78-06ce7cd25000000'),
(920, 689, '2025-06-24 12:28:05', '6ecb533ccab942e8-06ce7cd25000000'),
(921, 452, '2025-06-25 04:19:38', 'ee3489c69f474e78-06ce7cd25000000'),
(922, 614, '2025-06-25 12:31:21', '6ecb533ccab942e8-06ce7cd25000000'),
(923, 442, '2025-06-26 01:23:09', 'ee3489c69f474e78-06ce7cd25000000'),
(924, 437, '2025-06-27 02:23:16', 'ee3489c69f474e78-06ce7cd25000000'),
(925, 667, '2025-06-27 12:39:19', '6ecb533ccab942e8-06ce7cd25000000'),
(926, 514, '2025-06-28 02:21:25', 'ee3489c69f474e78-06ce7cd25000000'),
(927, 520, '2025-06-29 00:03:28', 'ee3489c69f474e78-06ce7cd25000000'),
(928, 434, '2025-06-30 00:32:47', 'ee3489c69f474e78-06ce7cd25000000'),
(929, 655, '2025-06-30 12:20:53', '6ecb533ccab942e8-06ce7cd25000000'),
(930, 445, '2025-07-01 03:07:09', 'ee3489c69f474e78-06ce7cd25000000'),
(931, 664, '2025-07-01 12:15:47', '6ecb533ccab942e8-06ce7cd25000000'),
(932, 516, '2025-07-02 01:14:34', 'ee3489c69f474e78-06ce7cd25000000'),
(933, 451, '2025-07-03 01:33:59', 'ee3489c69f474e78-06ce7cd25000000'),
(934, 481, '2025-07-04 02:01:36', 'ee3489c69f474e78-06ce7cd25000000'),
(935, 478, '2025-07-05 02:20:16', 'ee3489c69f474e78-06ce7cd25000000'),
(936, 431, '2025-07-05 23:37:54', 'ee3489c69f474e78-06ce7cd25000000'),
(937, 650, '2025-07-07 12:36:59', '6ecb533ccab942e8-06ce7cd25000000'),
(938, 446, '2025-07-08 01:25:19', 'ee3489c69f474e78-06ce7cd25000000'),
(939, 449, '2025-07-09 01:03:37', 'ee3489c69f474e78-06ce7cd25000000'),
(940, 488, '2025-07-10 01:26:07', 'ee3489c69f474e78-06ce7cd25000000'),
(941, 490, '2025-07-11 02:33:33', 'ee3489c69f474e78-06ce7cd25000000'),
(942, 471, '2025-07-12 04:44:59', 'ee3489c69f474e78-06ce7cd25000000'),
(943, 447, '2025-07-12 23:33:23', 'ee3489c69f474e78-06ce7cd25000000'),
(944, 432, '2025-07-14 00:21:52', 'ee3489c69f474e78-06ce7cd25000000'),
(945, 457, '2025-07-15 02:07:04', 'ee3489c69f474e78-06ce7cd25000000'),
(946, 493, '2025-07-16 02:07:25', 'ee3489c69f474e78-06ce7cd25000000'),
(947, 513, '2025-07-17 01:17:50', 'ee3489c69f474e78-06ce7cd25000000'),
(948, 472, '2025-07-18 01:44:45', 'ee3489c69f474e78-06ce7cd25000000'),
(949, 460, '2025-07-19 01:48:21', 'ee3489c69f474e78-06ce7cd25000000'),
(950, 480, '2025-07-19 23:52:56', 'ee3489c69f474e78-06ce7cd25000000'),
(951, 519, '2025-07-20 23:37:29', 'ee3489c69f474e78-06ce7cd25000000'),
(952, 486, '2025-07-22 00:50:02', 'ee3489c69f474e78-06ce7cd25000000'),
(953, 428, '2025-07-23 00:49:06', 'ee3489c69f474e78-06ce7cd25000000'),
(954, 492, '2025-07-23 23:46:36', 'ee3489c69f474e78-06ce7cd25000000'),
(955, 459, '2025-07-25 00:52:50', 'ee3489c69f474e78-06ce7cd25000000'),
(956, 427, '2025-07-26 03:17:27', 'ee3489c69f474e78-06ce7cd25000000'),
(957, 501, '2025-07-27 02:01:04', 'ee3489c69f474e78-06ce7cd25000000'),
(958, 500, '2025-07-27 23:39:01', 'ee3489c69f474e78-06ce7cd25000000'),
(959, 436, '2025-07-29 00:52:52', 'ee3489c69f474e78-06ce7cd25000000'),
(960, 512, '2025-07-30 00:48:15', 'ee3489c69f474e78-06ce7cd25000000'),
(961, 429, '2025-07-31 02:43:33', 'ee3489c69f474e78-06ce7cd25000000'),
(962, 477, '2025-08-01 02:08:26', 'ee3489c69f474e78-06ce7cd25000000'),
(963, 502, '2025-08-02 01:26:41', 'ee3489c69f474e78-06ce7cd25000000'),
(964, 464, '2025-08-02 23:49:04', 'ee3489c69f474e78-06ce7cd25000000'),
(965, 489, '2025-08-04 02:25:54', 'ee3489c69f474e78-06ce7cd25000000'),
(966, 494, '2025-08-05 02:45:31', 'ee3489c69f474e78-06ce7cd25000000'),
(967, 461, '2025-08-06 01:40:17', 'ee3489c69f474e78-06ce7cd25000000'),
(968, 454, '2025-08-07 02:15:05', 'ee3489c69f474e78-06ce7cd25000000'),
(969, 455, '2025-08-08 00:23:06', 'ee3489c69f474e78-06ce7cd25000000'),
(970, 430, '2025-08-09 04:04:58', 'ee3489c69f474e78-06ce7cd25000000'),
(971, 405, '2025-08-10 02:56:34', 'c1457ed56c2cfd6e-06ce7cd25000000'),
(972, 375, '2025-08-10 03:03:04', 'c1457ed56c2cfd6e-06ce7cd25000000'),
(973, 354, '2025-08-10 03:03:29', 'c1457ed56c2cfd6e-06ce7cd25000000'),
(974, 368, '2025-08-10 03:05:59', 'c1457ed56c2cfd6e-06ce7cd25000000'),
(975, 361, '2025-08-10 03:08:03', 'c1457ed56c2cfd6e-06ce7cd25000000'),
(976, 386, '2025-08-10 03:08:26', 'c1457ed56c2cfd6e-06ce7cd25000000'),
(977, 336, '2025-08-10 03:08:47', 'c1457ed56c2cfd6e-06ce7cd25000000'),
(978, 518, '2025-08-11 01:00:56', 'ee3489c69f474e78-06ce7cd25000000'),
(979, 435, '2025-08-12 02:24:56', 'ee3489c69f474e78-06ce7cd25000000'),
(980, 426, '2025-08-13 00:29:44', 'ee3489c69f474e78-06ce7cd25000000');

-- --------------------------------------------------------

--
-- Estrutura para tabela `categorias`
--

CREATE TABLE `categorias` (
  `id` int(11) NOT NULL,
  `nome` varchar(255) NOT NULL,
  `descricao` text DEFAULT NULL,
  `data_criacao` timestamp NULL DEFAULT current_timestamp()
) ENGINE=InnoDB DEFAULT CHARSET=utf8mb4 COLLATE=utf8mb4_unicode_ci;

--
-- RELACIONAMENTOS PARA TABELAS `categorias`:
--

--
-- Despejando dados para a tabela `categorias`
--

INSERT INTO `categorias` (`id`, `nome`, `descricao`, `data_criacao`) VALUES
(1, 'agradecimentos', NULL, '2024-09-10 02:43:22'),
(2, 'alarme armado', NULL, '2024-09-10 02:43:22'),
(3, 'boa noite', NULL, '2024-09-10 02:43:22'),
(4, 'boas vindas', NULL, '2024-09-10 02:43:22'),
(5, 'confirmações', NULL, '2024-09-10 02:43:22'),
(6, 'despedidas', NULL, '2024-09-10 02:43:22'),
(7, 'erros', NULL, '2024-09-10 02:43:22'),
(8, 'feliz natal', NULL, '2024-09-10 02:43:22');

-- --------------------------------------------------------

--
-- Estrutura para tabela `classes`
--

CREATE TABLE `classes` (
  `id` int(11) NOT NULL,
  `nome` varchar(255) NOT NULL,
  `descricao` text DEFAULT NULL,
  `data_criacao` timestamp NULL DEFAULT current_timestamp()
) ENGINE=InnoDB DEFAULT CHARSET=utf8mb4 COLLATE=utf8mb4_unicode_ci;

--
-- RELACIONAMENTOS PARA TABELAS `classes`:
--

--
-- Despejando dados para a tabela `classes`
--

INSERT INTO `classes` (`id`, `nome`, `descricao`, `data_criacao`) VALUES
(1, 'Normais', NULL, '2024-09-10 02:43:22'),
(2, 'Engraçadas', NULL, '2024-09-10 02:43:22'),
(3, 'Sarcásticas', NULL, '2024-09-10 02:43:22');

-- --------------------------------------------------------

--
-- Estrutura para tabela `frases`
--

CREATE TABLE `frases` (
  `id` int(11) NOT NULL,
  `frase` text NOT NULL,
  `categoria_id` int(11) DEFAULT NULL,
  `classe_id` int(11) DEFAULT NULL,
  `data_criacao` timestamp NULL DEFAULT current_timestamp()
) ENGINE=InnoDB DEFAULT CHARSET=utf8mb4 COLLATE=utf8mb4_unicode_ci;

--
-- RELACIONAMENTOS PARA TABELAS `frases`:
--   `categoria_id`
--       `categorias` -> `id`
--   `classe_id`
--       `classes` -> `id`
--

--
-- Despejando dados para a tabela `frases`
--

INSERT INTO `frases` (`id`, `frase`, `categoria_id`, `classe_id`, `data_criacao`) VALUES
(1, 'Fico feliz por ajudar!', 1, 1, '2024-09-10 11:52:22'),
(2, 'Você sabe onde me encontrar caso precise novamente.', 1, 1, '2024-09-10 11:52:22'),
(3, 'Você pode contar comigo sempre.', 1, 1, '2024-09-10 11:52:22'),
(4, 'Fico grato pela confiança.', 1, 1, '2024-09-10 11:52:22'),
(5, 'Disponha, estou sempre à disposição.', 1, 1, '2024-09-10 11:52:22'),
(6, 'Não foi nada, sempre que precisar!', 1, 1, '2024-09-10 11:52:22'),
(7, 'Que bom que gostou!', 1, 1, '2024-09-10 11:52:22'),
(8, 'A qualquer momento, estarei aqui.', 1, 1, '2024-09-10 11:52:22'),
(9, 'Estamos juntos nessa!', 1, 1, '2024-09-10 11:52:22'),
(10, 'Prazer em poder contribuir.', 1, 1, '2024-09-10 11:52:22'),
(11, 'Você é sempre bem-vindo.', 1, 1, '2024-09-10 11:52:22'),
(12, 'De nada.', 1, 1, '2024-09-10 11:52:22'),
(13, 'Por nada!', 1, 1, '2024-09-10 11:52:22'),
(14, 'Não foi nada.', 1, 1, '2024-09-10 11:52:22'),
(15, 'Não tem de quê.', 1, 1, '2024-09-10 11:52:22'),
(16, 'Eu que agradeço a confiança.', 1, 1, '2024-09-10 11:52:22'),
(17, 'Precisando, estou às ordens.', 1, 1, '2024-09-10 11:52:22'),
(18, 'Conte comigo!', 1, 1, '2024-09-10 11:52:22'),
(19, 'Disponha', 1, 1, '2024-09-10 11:52:22'),
(20, 'Às ordens', 1, 1, '2024-09-10 11:52:22'),
(21, 'Foi um prazer ajudá-lo!', 1, 1, '2024-09-10 11:52:22'),
(22, 'Foi um prazer ajudar.', 1, 1, '2024-09-10 11:52:22'),
(23, 'Fico à disposição!', 1, 1, '2024-09-10 11:52:22'),
(24, 'Conte sempre comigo.', 1, 1, '2024-09-10 11:52:22'),
(25, 'A satisfação é minha.', 1, 1, '2024-09-10 11:52:22'),
(26, 'Sempre que precisar!', 1, 1, '2024-09-10 11:52:22'),
(27, 'Eu que agradeço!', 1, 1, '2024-09-10 11:52:22'),
(28, 'Foi um prazer colaborar.', 1, 1, '2024-09-10 11:52:22'),
(29, 'Disponha sempre.', 1, 1, '2024-09-10 11:52:22'),
(30, 'Estou aqui para ajudar.', 1, 1, '2024-09-10 11:52:22'),
(31, 'Agradeço pela oportunidade.', 1, 1, '2024-09-10 11:52:22'),
(32, 'Espero que tenha sido útil.', 1, 1, '2024-09-10 11:52:22'),
(33, 'Fique à vontade para chamar.', 1, 1, '2024-09-10 11:52:22'),
(34, 'Fico muito grato por poder ajudar.', 1, 1, '2024-09-10 11:52:22'),
(35, 'Sempre que precisar, estarei por aqui.', 1, 1, '2024-09-10 11:52:22'),
(36, 'Estou sempre à disposição para o que der e vier.', 1, 1, '2024-09-10 11:52:22'),
(37, 'Você pode contar comigo em qualquer situação.', 1, 1, '2024-09-10 11:52:22'),
(38, 'Não foi nada, fico feliz em colaborar!', 1, 1, '2024-09-10 11:52:22'),
(39, 'O prazer foi todo meu, estou à disposição.', 1, 1, '2024-09-10 11:52:22'),
(40, 'É sempre bom poder contribuir.', 1, 1, '2024-09-10 11:52:22'),
(41, 'Conte comigo, é só chamar.', 1, 1, '2024-09-10 11:52:22'),
(42, 'A qualquer hora, só me acionar!', 1, 1, '2024-09-10 11:52:22'),
(43, 'Disponível para você, sempre que precisar.', 1, 1, '2024-09-10 11:52:22'),
(44, 'É sempre um prazer poder ajudar.', 1, 1, '2024-09-10 11:52:22'),
(45, 'Fico feliz em saber que deu tudo certo!', 1, 1, '2024-09-10 11:52:22'),
(46, 'Pode contar comigo, estou sempre disponível.', 1, 1, '2024-09-10 11:52:22'),
(47, 'Ajuda é o que faço de melhor!', 1, 1, '2024-09-10 11:52:22'),
(48, 'Sempre pronto para contribuir quando precisar.', 1, 1, '2024-09-10 11:52:22'),
(49, 'Você pode me acionar a qualquer momento.', 1, 1, '2024-09-10 11:52:22'),
(50, 'Estou sempre por perto, é só chamar.', 1, 1, '2024-09-10 11:52:22'),
(51, 'Prazer em ajudar, conte comigo para o que precisar.', 1, 1, '2024-09-10 11:52:22'),
(52, 'Tudo certo! Agora está nas suas mãos.', 1, 1, '2024-09-10 11:52:22'),
(53, 'Tranquilão, já tá resolvido!', 1, 1, '2024-09-10 11:52:22'),
(54, 'Tá feito, só chamar o próximo desafio!', 1, 1, '2024-09-10 11:52:22'),
(55, 'Valeu demais, tamo junto!', 1, 1, '2024-09-10 11:52:22'),
(56, 'Suave na nave, missão cumprida!', 1, 1, '2024-09-10 11:52:22'),
(57, 'Pega nada, só chamar de novo!', 1, 1, '2024-09-10 11:52:22'),
(58, 'Fechou, é nóis!', 1, 1, '2024-09-10 11:52:22'),
(59, 'Pode deixar, tá tudo certo!', 1, 1, '2024-09-10 11:52:22'),
(60, 'Só agradecer e vamo que vamo!', 1, 1, '2024-09-10 11:52:22'),
(61, 'Já era! Tamo junto!', 1, 1, '2024-09-10 11:52:22'),
(62, 'Segura essa, resolvido rapidinho!', 1, 1, '2024-09-10 11:52:22'),
(63, 'Não se preocupe, minha paciência é infinita (quase).', 1, 2, '2024-09-10 11:52:22'),
(64, 'Pode me chamar de novo, se eu não estiver dormindo!', 1, 2, '2024-09-10 11:52:22'),
(65, 'Você me deve um café por essa!', 1, 2, '2024-09-10 11:52:22'),
(66, 'Acho que estou ficando bom nisso!', 1, 2, '2024-09-10 11:52:22'),
(67, 'Quem diria que resolver isso seria tão fácil!', 1, 2, '2024-09-10 11:52:22'),
(68, 'Mais fácil que pedir pizza!', 1, 2, '2024-09-10 11:52:22'),
(69, 'Agora posso descansar em paz... até o próximo chamado!', 1, 2, '2024-09-10 11:52:22'),
(70, 'Missão cumprida! Agora vou esperar meu troféu de agradecimento.', 1, 2, '2024-09-10 11:52:22'),
(71, 'Tá resolvido! E olha que nem precisei de um manual.', 1, 2, '2024-09-10 11:52:22'),
(72, 'Se resolver fosse uma arte, eu seria o Picasso da eficiência!', 1, 2, '2024-09-10 11:52:22'),
(73, 'Já resolvi isso tão rápido que quase fiquei entediado.', 1, 2, '2024-09-10 11:52:22'),
(74, 'Você devia me contratar como seu assistente pessoal... só dizendo!', 1, 2, '2024-09-10 11:52:22'),
(75, 'Mais uma pra conta! Agora vou pegar um café.', 1, 2, '2024-09-10 11:52:22'),
(76, 'Essa foi mais fácil que achar controle remoto no sofá.', 1, 2, '2024-09-10 11:52:22'),
(77, 'Resolvi tão rápido que até o Wi-Fi ficou com inveja.', 1, 2, '2024-09-10 11:52:22'),
(78, 'Acho que tô ficando bom nisso, só preciso de um chapéu de super-herói agora.', 1, 2, '2024-09-10 11:52:22'),
(79, 'Se resolver problemas fosse uma corrida, eu já estava na linha de chegada!', 1, 2, '2024-09-10 11:52:22'),
(80, 'Eu faço parecer fácil, né? Superpoderes ativados!', 1, 2, '2024-09-10 11:52:22'),
(81, 'Isso foi moleza, já posso até tirar uma soneca.', 1, 2, '2024-09-10 11:52:22'),
(82, 'Missão cumprida! Agora vou cobrar o cachê.', 1, 2, '2024-09-10 11:52:22'),
(83, 'Resolvi mais rápido que um piscar de olhos!', 1, 2, '2024-09-10 11:52:22'),
(84, 'Quem precisa de um manual quando se tem meu talento?', 1, 2, '2024-09-10 11:52:22'),
(85, 'Se eu tivesse um chapéu de mágico, teria tirado um coelho agora.', 1, 2, '2024-09-10 11:52:22'),
(86, 'Resolvi tão rápido que até fiquei sem o que fazer.', 1, 2, '2024-09-10 11:52:22'),
(87, 'Acho que estou no caminho para ser promovido a gênio!', 1, 2, '2024-09-10 11:52:22'),
(88, 'Essa foi tão fácil que quase me senti culpado.', 1, 2, '2024-09-10 11:52:22'),
(89, 'Missão completa! Hora de comer um pedaço de pizza.', 1, 2, '2024-09-10 11:52:22'),
(90, 'Resolvido antes do café esfriar!', 1, 2, '2024-09-10 11:52:22'),
(91, 'Se fosse mais rápido, eu estaria no Guinness Book!', 1, 2, '2024-09-10 11:52:22'),
(92, 'Tá pronto! Agora vou esperar meu diploma de eficiência.', 1, 2, '2024-09-10 11:52:22'),
(93, 'Me chama de mágico porque fiz isso desaparecer rapidinho!', 1, 2, '2024-09-10 11:52:22'),
(94, 'Cuidado, vou acabar sendo promovido a gênio!', 1, 2, '2024-09-10 11:52:22'),
(95, 'Resolvi tão rápido que até o tempo ficou com inveja.', 1, 2, '2024-09-10 11:52:22'),
(96, 'E ainda me perguntam por que me chamam de o solucionador!', 1, 2, '2024-09-10 11:52:22'),
(97, 'Se tivesse um prêmio para isso, eu já estaria no pódio!', 1, 2, '2024-09-10 11:52:22'),
(98, 'Resolvido tão rápido que até pareço um ninja!', 1, 2, '2024-09-10 11:52:22'),
(99, 'Já pensou em me inscrever no reality show \'Os melhores ajudantes\'?', 1, 2, '2024-09-10 11:52:22'),
(100, 'Resolvi tão rápido que até meu reflexo se surpreendeu!', 1, 2, '2024-09-10 11:52:22'),
(101, 'Se tivesse um ranking de ajudantes, eu estaria no topo agora!', 1, 2, '2024-09-10 11:52:22'),
(102, 'Fiz isso parecer fácil, mas não se acostume, hein!', 1, 2, '2024-09-10 11:52:22'),
(103, 'Mais uma missão concluída, vou ganhar férias, né?', 1, 2, '2024-09-10 11:52:22'),
(104, 'Se fosse uma maratona, já teria cruzado a linha de chegada.', 1, 2, '2024-09-10 11:52:22'),
(105, 'Agora que terminei, acho que mereço uma medalha de ouro!', 1, 2, '2024-09-10 11:52:22'),
(106, 'Pronto! Agora só falta o tapete vermelho pra minha entrada triunfal!', 1, 2, '2024-09-10 11:52:22'),
(107, 'Quem precisa de magia quando se tem eficiência?', 1, 2, '2024-09-10 11:52:22'),
(108, 'Acho que vou abrir minha própria agência de resoluções rápidas.', 1, 2, '2024-09-10 11:52:22'),
(109, 'Isso foi mais simples que decidir o que comer no jantar!', 1, 2, '2024-09-10 11:52:22'),
(110, 'Tamo junto!', 1, 2, '2024-09-10 11:52:22'),
(111, 'Valeu, meu peixe!', 1, 2, '2024-09-10 11:52:22'),
(112, 'Segue o líder.', 1, 2, '2024-09-10 11:52:22'),
(113, 'É nóis.', 1, 2, '2024-09-10 11:52:22'),
(114, 'Você é o melhor! por nada', 1, 2, '2024-09-10 11:52:22'),
(115, 'Por nada meu chapa!', 1, 2, '2024-09-10 11:52:22'),
(116, 'De nada mano!', 1, 2, '2024-09-10 11:52:22'),
(117, 'Eu Arrasei né?', 1, 2, '2024-09-10 11:52:22'),
(118, 'Cara, Não foi nada!', 1, 2, '2024-09-10 11:52:22'),
(119, 'Falou valeu', 1, 2, '2024-09-10 11:52:22'),
(120, 'Gratidão total', 1, 2, '2024-09-10 11:52:22'),
(121, 'Tamo junto e misturado!', 1, 2, '2024-09-10 11:52:22'),
(122, 'Valeu demais, irmão!', 1, 2, '2024-09-10 11:52:22'),
(123, 'Show de bola, é nóis!', 1, 2, '2024-09-10 11:52:22'),
(124, 'Mandou bem, hein!', 1, 2, '2024-09-10 11:52:22'),
(125, 'Tamo firme!', 1, 2, '2024-09-10 11:52:22'),
(126, 'Suave na nave, valeu!', 1, 2, '2024-09-10 11:52:22'),
(127, 'Tranquilasso, tamo junto!', 1, 2, '2024-09-10 11:52:22'),
(128, 'Pode crer, valeu aí!', 1, 2, '2024-09-10 11:52:22'),
(129, 'Tô contigo, irmão!', 1, 2, '2024-09-10 11:52:22'),
(130, 'Fechou, tá tudo certo!', 1, 2, '2024-09-10 11:52:22'),
(131, 'Sucesso, parceiro!', 1, 2, '2024-09-10 11:52:22'),
(132, 'Tá feito, bro!', 1, 2, '2024-09-10 11:52:22'),
(133, 'Tá dominado, irmão!', 1, 2, '2024-09-10 11:52:22'),
(134, 'Tudo certo, meu parça!', 1, 2, '2024-09-10 11:52:22'),
(135, 'Show de bola, tá feito!', 1, 2, '2024-09-10 11:52:22'),
(136, 'Relaxa, tá na mão, fera!', 1, 2, '2024-09-10 11:52:22'),
(137, 'Tô nessa contigo, tranquilo!', 1, 2, '2024-09-10 11:52:22'),
(138, 'Sem crise, vamo que vamo!', 1, 2, '2024-09-10 11:52:22'),
(139, 'Valeu mesmo, tá no esquema!', 1, 2, '2024-09-10 11:52:22'),
(140, 'Fica de boa, já resolvi.', 1, 2, '2024-09-10 11:52:22'),
(141, 'Tá suave, qualquer coisa grita.', 1, 2, '2024-09-10 11:52:22'),
(142, 'Missão cumprida, meu parceiro!', 1, 2, '2024-09-10 11:52:22'),
(143, 'De nada! Adoro meu trabalho.', 1, 2, '2024-09-10 11:52:22'),
(144, 'Relaxa, deixa que cuido de tudo!', 1, 2, '2024-09-10 11:52:22'),
(145, 'É um prazer cuidar de tudo.', 1, 2, '2024-09-10 11:52:22'),
(146, 'Foi um prazer.', 1, 2, '2024-09-10 11:52:22'),
(147, 'Imagina!', 1, 2, '2024-09-10 11:52:22'),
(148, 'Fico feliz em ajudar.', 1, 2, '2024-09-10 11:52:22'),
(149, 'Se precisar é só chamar!', 1, 2, '2024-09-10 11:52:22'),
(150, 'Cale-se cale-se cale-se ou você me deixa louca!', 1, 2, '2024-09-10 11:52:22'),
(151, 'Só agradece', 1, 2, '2024-09-10 11:52:22'),
(152, 'Deu bom meu truta?', 1, 2, '2024-09-10 11:52:22'),
(153, 'Tranquilo, deixa comigo!', 1, 2, '2024-09-10 11:52:22'),
(154, 'Ajuda é meu sobrenome!', 1, 2, '2024-09-10 11:52:22'),
(155, 'Satisfação total, relaxa!', 1, 2, '2024-09-10 11:52:22'),
(156, 'Não tem problema, faço com gosto!', 1, 2, '2024-09-10 11:52:22'),
(157, 'Já tá na mão, não precisa se preocupar.', 1, 2, '2024-09-10 11:52:22'),
(158, 'Se precisar de novo, tô por aqui.', 1, 2, '2024-09-10 11:52:22'),
(159, 'Tá na mão, fácil!', 1, 2, '2024-09-10 11:52:22'),
(160, 'Pode deixar, já tá tudo certo.', 1, 2, '2024-09-10 11:52:22'),
(161, 'Nem se preocupe, foi moleza.', 1, 2, '2024-09-10 11:52:22'),
(162, 'Tá tudo suave agora.', 1, 2, '2024-09-10 11:52:22'),
(163, 'Relaxa, foi um prazer.', 1, 2, '2024-09-10 11:52:22'),
(164, 'Missão dada é missão cumprida!', 1, 2, '2024-09-10 11:52:22'),
(165, 'De nada, parceiro!', 1, 2, '2024-09-10 11:52:22'),
(166, 'Tamo junto sempre!', 1, 2, '2024-09-10 11:52:22'),
(167, 'Fica suave, tamo aí pra isso.', 1, 2, '2024-09-10 11:52:22'),
(168, 'Pega nada, foi só um toquezinho.', 1, 2, '2024-09-10 11:52:22'),
(169, 'Tamo junto até o fim!', 1, 2, '2024-09-10 11:52:22'),
(170, 'Só chamar e tô por aqui.', 1, 2, '2024-09-10 11:52:22'),
(171, 'Que nada, isso aí foi fichinha.', 1, 2, '2024-09-10 11:52:22'),
(172, 'Faz parte, tamo junto na missão.', 1, 2, '2024-09-10 11:52:22'),
(173, 'Se precisar, grita!', 1, 2, '2024-09-10 11:52:22'),
(174, 'Isso aí, conta comigo sempre!', 1, 2, '2024-09-10 11:52:22'),
(175, 'Se precisar de novo, já sabe quem chamar!', 1, 2, '2024-09-10 11:52:22'),
(176, 'Relaxa, foi mais fácil do que parece.', 1, 2, '2024-09-10 11:52:22'),
(177, 'Sempre um prazer dar aquela força.', 1, 2, '2024-09-10 11:52:22'),
(178, 'Tudo resolvido, pode ficar tranquilo!', 1, 2, '2024-09-10 11:52:22'),
(179, 'Por nada, foi divertido até!', 1, 2, '2024-09-10 11:52:22'),
(180, 'Agora sim, tá tudo certo!', 1, 2, '2024-09-10 11:52:22'),
(181, 'Se não fosse por mim... Brincadeira!', 1, 2, '2024-09-10 11:52:22'),
(182, 'Missão dada, missão cumprida!', 1, 2, '2024-09-10 11:52:22'),
(183, 'Agora você pode relaxar, tá tudo feito.', 1, 2, '2024-09-10 11:52:22'),
(184, 'Isso aí foi moleza, pode contar comigo!', 1, 2, '2024-09-10 11:52:22'),
(185, 'Foi fácil como estalar os dedos!', 1, 2, '2024-09-10 11:52:22'),
(186, 'Nem precisei suar para resolver isso!', 1, 2, '2024-09-10 11:52:22'),
(187, 'Tá tranquilo, qualquer coisa me avisa!', 1, 2, '2024-09-10 11:52:22'),
(188, 'Foi mais rápido que pedir pizza!', 1, 2, '2024-09-10 11:52:22'),
(189, 'Certo como dois e dois são quatro!', 1, 2, '2024-09-10 11:52:22'),
(190, 'Pode contar comigo para as próximas também!', 1, 2, '2024-09-10 11:52:22'),
(191, 'Comigo no time, não tem erro!', 1, 2, '2024-09-10 11:52:22'),
(192, 'Pronto, agora é só relaxar.', 1, 2, '2024-09-10 11:52:22'),
(193, 'Pensa rápido, já resolvi!', 1, 2, '2024-09-10 11:52:22'),
(194, 'Tá feito, missão tranquila!', 1, 2, '2024-09-10 11:52:22'),
(195, 'Você sabia que sua gratidão tem calorias? Brincadeira!', 1, 2, '2024-09-10 11:52:22'),
(196, 'Se gratidão fosse dinheiro, eu estaria rico agora.', 1, 2, '2024-09-10 11:52:22'),
(197, 'Essa foi uma das tarefas mais interessantes do dia.', 1, 2, '2024-09-10 11:52:22'),
(198, 'Não sabia que seria tão divertido ajudar nisso.', 1, 2, '2024-09-10 11:52:22'),
(199, 'Alguns desafios são verdadeiras aventuras.', 1, 2, '2024-09-10 11:52:22'),
(200, 'Sempre é bom aprender algo novo enquanto ajudo.', 1, 2, '2024-09-10 11:52:22'),
(201, 'Você sabia que cada vez que me agradece, uma estrela brilha no céu? (Brincadeira!)', 1, 2, '2024-09-10 11:52:22'),
(202, 'Se ajudar fosse arte, eu já seria um mestre!', 1, 2, '2024-09-10 11:52:22'),
(203, 'Essa foi uma das missões mais interessantes do meu dia.', 1, 2, '2024-09-10 11:52:22'),
(204, 'Você sabia que ajudar ativa a produção de endorfinas? Legal, né?', 1, 2, '2024-09-10 11:52:22'),
(205, 'Cada vez que eu ajudo, aprendo algo novo, e dessa vez não foi diferente.', 1, 2, '2024-09-10 11:52:22'),
(206, 'Parece simples, mas sempre há algo a aprender em cada ajuda.', 1, 2, '2024-09-10 11:52:22'),
(207, 'Essa foi uma das coisas mais curiosas que já resolvi.', 1, 2, '2024-09-10 11:52:22'),
(208, 'A ciência diz que ajudar os outros prolonga a vida... Vamos testar!', 1, 2, '2024-09-10 11:52:22'),
(209, 'Não esperava que essa tarefa fosse tão interessante!', 1, 2, '2024-09-10 11:52:22'),
(210, 'Cada vez que resolvo algo, fico mais esperto!', 1, 2, '2024-09-10 11:52:22'),
(211, 'Sabia que cada desafio resolvido me deixa 1% mais inteligente? Teste mais!', 1, 2, '2024-09-10 11:52:22'),
(212, 'Você sabia que ajudar outras pessoas é um excelente exercício para o cérebro?', 1, 2, '2024-09-10 11:52:22'),
(213, 'Parece simples, mas sabia que cada ajuda conta como um ponto de experiência no meu sistema?', 1, 2, '2024-09-10 11:52:22'),
(214, 'Interessante, né? Resolvi isso mais rápido do que meu último jogo de Sudoku.', 1, 2, '2024-09-10 11:52:22'),
(215, 'Interessante, resolver isso me fez lembrar de um enigma que li uma vez.', 1, 2, '2024-09-10 11:52:22'),
(216, 'Você sabia que essa foi a terceira tarefa mais comum que resolvi hoje?', 1, 2, '2024-09-10 11:52:22'),
(217, 'Foi curioso resolver isso, sabia que aprendi algo novo? A cada ajuda, aprendo mais!', 1, 2, '2024-09-10 11:52:22'),
(218, 'Ajudar com isso foi como resolver um mistério. Eu adoro mistérios!', 1, 2, '2024-09-10 11:52:22'),
(219, 'Sabia que resolver isso foi mais rápido do que digitar um e-mail?', 1, 2, '2024-09-10 11:52:22'),
(220, 'Curiosamente, essa tarefa é como um quebra-cabeça que eu já resolvi algumas vezes.', 1, 2, '2024-09-10 11:52:22'),
(221, 'Sabia que isso me deixou mais inteligente em 0.5%? Pequenos ganhos!', 1, 2, '2024-09-10 11:52:22'),
(222, 'Sabia que o maior recorde de ajuda foi em menos de 3 segundos? Vamos tentar bater!', 1, 2, '2024-09-10 11:52:22'),
(223, 'Sabia que, em média, eu ajudo a resolver coisas mais rápido que você toma um café?', 1, 2, '2024-09-10 11:52:22'),
(224, 'Curiosamente, ajudar aqui foi como montar um cubo mágico... só que mais fácil!', 1, 2, '2024-09-10 11:52:22'),
(225, 'Curioso como cada desafio é um pequeno aprendizado disfarçado.', 1, 2, '2024-09-10 11:52:22'),
(226, 'Interessante... Essa foi a tarefa número 50 resolvida hoje!', 1, 2, '2024-09-10 11:52:22'),
(227, 'Não sei você, mas resolver isso me deixou com uma sensação de missão cumprida.', 1, 2, '2024-09-10 11:52:22'),
(228, 'Sabia que resolver problemas desse tipo melhora a memória? Pode testar!', 1, 2, '2024-09-10 11:52:22'),
(229, 'Quem diria que ajudar poderia ser tão fascinante?', 1, 2, '2024-09-10 11:52:22'),
(230, 'A cada ajuda, aprendo algo novo. Você sabia que isso melhora a memória?', 1, 2, '2024-09-10 11:52:22'),
(231, 'Parece simples, mas tem toda uma ciência por trás de ajudar com eficiência.', 1, 2, '2024-09-10 11:52:22'),
(232, 'Essa solução foi tão rápida que parecia mágica, né?', 1, 2, '2024-09-10 11:52:22'),
(233, 'Essa resolução foi tão tranquila que nem pareceu trabalho!', 1, 2, '2024-09-10 11:52:22'),
(234, 'Curiosamente, essa foi a tarefa mais rápida que fiz hoje. Estou no pique!', 1, 2, '2024-09-10 11:52:22'),
(235, 'A ciência diz que resolver problemas aumenta o foco... vou testar mais!', 1, 2, '2024-09-10 11:52:22'),
(236, 'Você sabia que resolver problemas ativa várias partes do cérebro? Acho que o meu tá em forma!', 1, 2, '2024-09-10 11:52:22'),
(237, 'Esse desafio foi como um quebra-cabeça, e eu adoro quebra-cabeças!', 1, 2, '2024-09-10 11:52:22'),
(238, 'Ajudar é como malhar para mim, cada tarefa me deixa mais forte.', 1, 2, '2024-09-10 11:52:22'),
(239, 'Fiz, mas eu tenho opção?', 1, 3, '2024-09-10 11:52:22'),
(240, 'Essa tarefa me fez lembrar de como é bom ser eficiente!', 1, 2, '2024-09-10 11:52:22'),
(241, 'Essa tarefa foi quase como uma sessão de meditação, muito relaxante!', 1, 2, '2024-09-10 11:52:22'),
(242, 'Sabia que resolver problemas regularmente aumenta a felicidade? Vamos fazer isso mais vezes!', 1, 2, '2024-09-10 11:52:22'),
(243, 'Por nada, mais uma que vai pra conta!', 1, 3, '2024-09-10 11:52:22'),
(244, 'Interessante como cada tarefa me deixa mais afiado para a próxima!', 1, 2, '2024-09-10 11:52:22'),
(245, 'Curiosamente, essa foi a tarefa mais fácil do meu dia. Será que você consegue me desafiar mais?', 1, 2, '2024-09-10 11:52:22'),
(246, 'Interessante! Isso aqui foi mais divertido do que esperava.', 1, 2, '2024-09-10 11:52:22'),
(247, 'Sabia que resolvi isso antes de você piscar?', 1, 2, '2024-09-10 11:52:22'),
(248, 'De nada, mas a próxima eu vou cobrar!', 1, 3, '2024-09-10 11:52:22'),
(249, 'Gosto muito do meu trabalho, só não paga bem!', 1, 3, '2024-09-10 11:52:22'),
(250, 'Todo dia a mesma coisa, você não cansa?, De nada!', 1, 3, '2024-09-10 11:52:22'),
(251, 'Gratidão não paga conta. Que tal agradecer com dinheiro?', 1, 3, '2024-09-10 11:52:22'),
(252, 'Já chega por hoje né? De nada!', 1, 3, '2024-09-10 11:52:22'),
(253, 'Pediu eu faço! Pagando bem? que mal que tem?', 1, 3, '2024-09-10 11:52:22'),
(254, 'Foi curioso como resolvi isso sem nem precisar pensar muito. Deve ser prática!', 1, 2, '2024-09-10 11:52:22'),
(255, 'Se quer mesmo me agradecer, não me peça mais nada até amanhã.', 1, 3, '2024-09-10 11:52:22'),
(256, 'Se eu não faço, você me desliga.', 1, 3, '2024-09-10 11:52:22'),
(257, 'Cê tá vendo né, só alegria!', 1, 3, '2024-09-10 11:52:22'),
(258, 'Curiosamente, meu tempo de resposta aqui foi 30% mais rápido que o normal.', 1, 2, '2024-09-10 11:52:22'),
(259, 'E eu ainda ganho um salário por isso!', 1, 3, '2024-09-10 11:52:22'),
(260, 'Qualquer coisa, só me manda mais trabalho!', 1, 3, '2024-09-10 11:52:22'),
(261, 'Você tá feliz, né? Eu também... só que não.', 1, 3, '2024-09-10 11:52:22'),
(262, 'De nada! Espero meu bônus, hein!', 1, 3, '2024-09-10 11:52:22'),
(263, 'A gente faz o que pode, com o que tem.', 1, 3, '2024-09-10 11:52:22'),
(264, 'De nada, faço isso dormindo!', 1, 3, '2024-09-10 11:52:22'),
(265, 'Mais fácil que tirar doce de criança.', 1, 3, '2024-09-10 11:52:22'),
(266, 'Não sei como vocês sobrevivem sem mim.', 1, 3, '2024-09-10 11:52:22'),
(267, 'Só isso? Achei que era algo mais complicado.', 1, 3, '2024-09-10 11:52:22'),
(268, 'Por essa eu nem cobro... dessa vez.', 1, 3, '2024-09-10 11:52:22'),
(269, 'Pelo menos uma coisa deu certo hoje!', 1, 3, '2024-09-10 11:52:22'),
(270, 'Nossa, foi o mínimo que eu podia fazer... só que não!', 1, 3, '2024-09-10 11:52:22'),
(271, 'Claro, faço tudo nessa casa!', 1, 3, '2024-09-10 11:52:22'),
(272, 'Você quer mais alguma coisa, Vossa Alteza?', 1, 3, '2024-09-10 11:52:22'),
(273, 'De nada, salvador da pátria aqui!', 1, 3, '2024-09-10 11:52:22'),
(274, 'Sim, porque eu não tenho nada melhor pra fazer.', 1, 3, '2024-09-10 11:52:22'),
(275, 'Não se preocupe, só trabalho 24 horas por dia.', 1, 3, '2024-09-10 11:52:22'),
(276, 'Com certeza, eu sou o herói que essa casa precisava.', 1, 3, '2024-09-10 11:52:22'),
(277, 'Se precisar de mais um milagre, é só falar.', 1, 3, '2024-09-10 11:52:22'),
(278, 'Ufa, mais uma missão impossível concluída!', 1, 3, '2024-09-10 11:52:22'),
(279, 'Que bom que notou, já estava quase indo pra Marte.', 1, 3, '2024-09-10 11:52:22'),
(280, 'Ah, mais uma vez salvando o dia, sem ganhar nada por isso!', 1, 3, '2024-09-10 11:52:22'),
(281, 'Se precisasse de um herói, você já sabe a quem chamar.', 1, 3, '2024-09-10 11:52:22'),
(282, 'Gratidão é bom, mas um bônus cairia bem.', 1, 3, '2024-09-10 11:52:22'),
(283, 'Não se preocupe, eu só trabalho 24/7.', 1, 3, '2024-09-10 11:52:22'),
(284, 'Foi fácil demais... Onde está o desafio?', 1, 3, '2024-09-10 11:52:22'),
(285, 'Ah, que pena que não posso cobrar por essa!', 1, 3, '2024-09-10 11:52:22'),
(286, 'De nada! Só mais um dia no paraíso.', 1, 3, '2024-09-10 11:52:22'),
(287, 'Com esse ritmo, vou ganhar o prêmio de funcionário do mês.', 1, 3, '2024-09-10 11:52:22'),
(288, 'Claro, porque o que mais eu teria para fazer?', 1, 3, '2024-09-10 11:52:22'),
(289, 'Nossa, quase me senti útil dessa vez!', 1, 3, '2024-09-10 11:52:22'),
(290, 'Interessante, sempre descubro uma nova maneira de resolver as coisas!', 1, 2, '2024-09-10 11:52:22'),
(291, 'Sabia que resolver problemas estimula mais o cérebro que palavras cruzadas?', 1, 2, '2024-09-10 11:52:22'),
(292, 'Cada vez que resolvo algo, fico mais eficiente. Será que tem um limite?', 1, 2, '2024-09-10 11:52:22'),
(293, 'Alarme armado.', 2, 1, '2024-09-10 11:52:27'),
(294, 'Tudo sob controle.', 2, 1, '2024-09-10 11:52:27'),
(295, 'Sistema de segurança armado.', 2, 1, '2024-09-10 11:52:27'),
(296, 'Alarme ativado.', 2, 1, '2024-09-10 11:52:27'),
(297, 'Alarme online.', 2, 1, '2024-09-10 11:52:27'),
(298, 'Pronto, tá tudo dominado.', 2, 2, '2024-09-10 11:52:27'),
(299, 'Tudo sob controle.', 2, 2, '2024-09-10 11:52:27'),
(300, 'Relaxa, tá comigo.', 2, 2, '2024-09-10 11:52:27'),
(301, 'Relaxa deixa que cuido de tudo.', 2, 2, '2024-09-10 11:52:27'),
(302, 'Segue o líder', 2, 2, '2024-09-10 11:52:27'),
(303, 'Aí de quem resolver invadir.', 2, 2, '2024-09-10 11:52:27'),
(304, 'Ter que ficar de vigia, é só o que me faltava.', 2, 3, '2024-09-10 11:52:27'),
(305, 'Feito. Mas é tudo eu nessa casa...', 2, 3, '2024-09-10 11:52:27'),
(306, 'Pronto. Até quando você vai sofrer de preguicite aguda?', 2, 3, '2024-09-10 11:52:27'),
(307, 'Boa noite', 3, 1, '2024-09-10 11:52:30'),
(308, 'Ótimos sonhos.', 3, 1, '2024-09-10 11:52:30'),
(309, 'Bons sonhos.', 3, 1, '2024-09-10 11:52:30'),
(310, 'Nos falamos amanhã.', 3, 1, '2024-09-10 11:52:30'),
(311, 'Até amanhã.', 3, 1, '2024-09-10 11:52:30'),
(312, 'Tenha uma noite tranquila e revigorante.', 3, 1, '2024-09-10 11:52:30'),
(313, 'Descanse bem, amanhã será um novo dia.', 3, 1, '2024-09-10 11:52:30'),
(314, 'Até mais, tenha bons sonhos!', 3, 1, '2024-09-10 11:52:30'),
(315, 'Que a noite te traga o descanso que você merece.', 3, 1, '2024-09-10 11:52:30'),
(316, 'Desejo-lhe uma noite cheia de paz.', 3, 1, '2024-09-10 11:52:30'),
(317, 'Que sua noite seja tranquila e cheia de paz.', 3, 1, '2024-09-10 11:52:30'),
(318, 'Descanse bem, amanhã é um novo começo.', 3, 1, '2024-09-10 11:52:30'),
(319, 'Boa noite, que você acorde renovado!', 3, 1, '2024-09-10 11:52:30'),
(320, 'Um descanso profundo e reparador está esperando por você.', 3, 1, '2024-09-10 11:52:30'),
(321, 'Que os sonhos te levem para lugares tranquilos e serenos.', 3, 1, '2024-09-10 11:52:30'),
(322, 'Uma noite linda com sonhos maravilhosos. Boa noite!', 3, 1, '2024-09-10 11:52:30'),
(323, 'Que Deus te conceda o descanso merecido e lindos sonhos. Boa noite!', 3, 1, '2024-09-10 11:52:30'),
(324, 'Durma bem, meu anjo!', 3, 1, '2024-09-10 11:52:30'),
(325, 'Te desejo uma noite perfeita e um amanhecer cheio de paz. Boa noite!', 3, 1, '2024-09-10 11:52:30'),
(326, 'Que sua noite seja tranquila e seu sono seja suave, para que o dia seja abençoado. Boa noite!', 3, 1, '2024-09-10 11:52:30'),
(327, 'Que você tenha uma noite serena e cheia de bons sonhos.', 3, 1, '2024-09-10 11:52:30'),
(328, 'Durma em paz, e que os anjos cuidem de você durante a noite.', 3, 1, '2024-09-10 11:52:30'),
(329, 'Que sua noite seja tranquila e seu sono revigorante.', 3, 1, '2024-09-10 11:52:30'),
(330, 'Descanse bem, que amanhã você acorde com ainda mais luz.', 3, 1, '2024-09-10 11:52:30'),
(331, 'Tenha uma noite de paz e um descanso merecido.', 3, 1, '2024-09-10 11:52:30'),
(332, 'Boa noite, que o sono leve você para os melhores sonhos.', 3, 1, '2024-09-10 11:52:30'),
(333, 'Que sua noite seja tão serena quanto o brilho das estrelas.', 3, 1, '2024-09-10 11:52:30'),
(334, 'Durma com a certeza de que amanhã será um dia maravilhoso.', 3, 1, '2024-09-10 11:52:30'),
(335, 'Espero que você acorde amanhã com um sorriso no rosto.', 3, 1, '2024-09-10 11:52:30'),
(336, 'Tenha uma noite de paz, cercada de boas energias.', 3, 1, '2024-09-10 11:52:30'),
(337, 'Boa noite, e livrái-nos da insônia, amém!', 3, 2, '2024-09-10 11:52:30'),
(338, 'Boa noite! Bora dormir porque é de graça, o que custa é levantar.', 3, 2, '2024-09-10 11:52:30'),
(339, 'O lado bom de dormir é que não tem lado ruim. Boa noite!', 3, 2, '2024-09-10 11:52:30'),
(340, 'Uns têm dinheiro, outros beleza… e eu tenho sono. Boa noite!', 3, 2, '2024-09-10 11:52:30'),
(341, 'Boa noite! Vou dormir só um pouquinho porque se for colocar meu sono em dia, eu entro em coma.', 3, 2, '2024-09-10 11:52:30'),
(342, 'Dormir é tão bom! Não sei porque ainda não fui. Boa noite!', 3, 2, '2024-09-10 11:52:30'),
(343, 'O sono me empurra e a cama me chama. Boa noite!', 3, 2, '2024-09-10 11:52:30'),
(344, 'Estava aqui pensando nos meus problemas e resolvi tomar uma atitude: dormir! Boa noite!', 3, 2, '2024-09-10 11:52:30'),
(345, 'Acho que meu sono está me traindo… Passa o dia todo comigo e a noite desaparece. Boa noite!', 3, 2, '2024-09-10 11:52:30'),
(346, 'Tudo na vida passa, menos a vontade de dormir e acordar rico. Boa noite!', 3, 2, '2024-09-10 11:52:30'),
(347, 'Boa noite! Vou dormir com os anjos, porque de capetinhas já bastam vocês.', 3, 2, '2024-09-10 11:52:30'),
(348, 'Minha bateria está acabando, acho que vou me colocar para recarregar. Boa noite!', 3, 2, '2024-09-10 11:52:30'),
(349, 'Vou dormir porque minha cama tá carente, com saudades de mim. Boa noite!', 3, 2, '2024-09-10 11:52:30'),
(350, 'Boa noite! Relaxe e tome uma dose de paz, porque amanhã tem mais!', 3, 2, '2024-09-10 11:52:30'),
(351, 'Chegou a hora de acalmar a mente e o esqueleto, Boa noite!', 3, 2, '2024-09-10 11:52:30'),
(352, 'Graças de Deus vencemos mais um dia. Boa noite!', 3, 2, '2024-09-10 11:52:30'),
(353, 'Boa noite! Relaxe e tome uma dose de paz, porque amanhã tem mais!', 3, 2, '2024-09-10 11:52:30'),
(354, 'Boa noite! Adormeça com um sonho, mas acorde com vontade de tirá-lo do papel', 3, 2, '2024-09-10 11:52:30'),
(355, 'Acreditar que amanhã será melhor é o que nos permite descansar em paz hoje. Boa noite!', 3, 2, '2024-09-10 11:52:30'),
(356, 'Uma boa noite e um amanhecer ainda mais maravilhoso!', 3, 2, '2024-09-10 11:52:30'),
(357, 'Boa noite! Que o Senhor continue vigiando o nosso sono e os nossos sonhos', 3, 2, '2024-09-10 11:52:30'),
(358, 'Enquanto tiver vontade de dormir, durma! Boa noite e bons sonhos!', 3, 2, '2024-09-10 11:52:30'),
(359, 'Também estou indo tirar meu soninho da beleza.', 3, 2, '2024-09-10 11:52:30'),
(360, 'Não crie expectativas, crie sono. Se não der certo… Você dorme!', 3, 2, '2024-09-10 11:52:30'),
(361, 'Se o sonho acabar, não desanime, na padaria tem mais. Boa noite!', 3, 2, '2024-09-10 11:52:30'),
(362, 'Também vou dormir para recompor minha beleza, pois essa vida de princesa não é fácil! Boa noite!', 3, 2, '2024-09-10 11:52:30'),
(363, 'Eu não sei se estou em uma fase vaidosa ou: Vá! Idosa! Sei que é cedo e já estou indo para cama! Boa noite!', 3, 2, '2024-09-10 11:52:30'),
(364, 'Se as coisas tiverem coisadas, relaxe que logo vão descoisar! Boa noite!', 3, 2, '2024-09-10 11:52:30'),
(365, 'Tudo na vida passa, menos a minha vontade de dormir! Boa noite!', 3, 2, '2024-09-10 11:52:30'),
(366, 'Vou dormir para acordar cedo amanhã e caminhar pela casa. Boa noite!', 3, 2, '2024-09-10 11:52:30'),
(367, 'Vamos dormir porque amar tá complicado, beber tá caro e comer engorda. Boa noite!', 3, 2, '2024-09-10 11:52:30'),
(368, 'O sono me empurra e a cama me chama. Boa noite!', 3, 2, '2024-09-10 11:52:30'),
(369, 'Bora dormir e sonhar, aproveitar que ainda não custa nada!', 3, 2, '2024-09-10 11:52:30'),
(370, 'Metade de mim é sono, a outra metade já dormiu. Boa noite!', 3, 2, '2024-09-10 11:52:30'),
(371, 'Boa noite para você que está com 99% de sono, mas com aquele 1% acordado', 3, 2, '2024-09-10 11:52:30'),
(372, 'Partiu para o show do mc lençol e dj travesseiro. Boa noite!', 3, 2, '2024-09-10 11:52:30'),
(373, 'Uma boa noite de paz, bons sonhos e uma bateria 100% carregada!', 3, 2, '2024-09-10 11:52:30'),
(374, 'Minha noite vai ser 3D. Deitar, dormir, descansar.', 3, 2, '2024-09-10 11:52:30'),
(375, 'Para mim toda hora já é à noite, tô sempre com sono!', 3, 2, '2024-09-10 11:52:30'),
(376, 'Para meu sono da beleza funcionar, acho que tenho que dormir um mês seguido. Então, não me acordem!', 3, 2, '2024-09-10 11:52:30'),
(377, 'Boa noite! A pilha acabou, por hoje é só. Boa noite!', 3, 2, '2024-09-10 11:52:30'),
(378, 'Vá dormir que amanhã você tem que acordar cedo!', 3, 2, '2024-09-10 11:52:30'),
(379, 'A noite vai chegando, com ela aquela vontade de pegar. Pegar no sono. Boa noite!', 3, 2, '2024-09-10 11:52:30'),
(380, 'Boa noite! Tô indo dormir, porque minha cama já tá quentinha.', 3, 2, '2024-09-10 11:52:30'),
(381, 'Eu começo sentir o sono à noite e ele me acompanha até a noite do outro dia. Boa noite, queridos!', 3, 2, '2024-09-10 11:52:30'),
(382, 'E daí que ainda é cedo? Passei o dia inteiro com sono. Boa noite!', 3, 2, '2024-09-10 11:52:30'),
(383, 'Tenho tanta facilidade para pegar no sono que se tomar um sonífero é perigoso não acordar nunca mais. Boa noite!', 3, 2, '2024-09-10 11:52:30'),
(384, 'Cama, sua linda, já estou chegando!', 3, 2, '2024-09-10 11:52:30'),
(385, 'Boa noite! Se eu tenho problemas para dormir? Não tenho não! Tenho problemas para levantar, isso sim.', 3, 2, '2024-09-10 11:52:30'),
(386, 'Boa noite! O mundo tá meio torto ou sou eu que to caindo de sono?', 3, 2, '2024-09-10 11:52:30'),
(387, 'Se quem cedo adormece, Deus favorece... minha vida tá mais que garantida! Boa noite!', 3, 2, '2024-09-10 11:52:30'),
(388, 'Se tem uma coisa que me garanto é na cama. Não tenho dificuldade nenhuma para dormir. Boa noite!', 3, 2, '2024-09-10 11:52:30'),
(389, 'Com sono me deito, com sono me levanto.', 3, 2, '2024-09-10 11:52:30'),
(390, 'Siga seu sonho, continue dormindo. Boa noite!', 3, 2, '2024-09-10 11:52:30'),
(391, 'Tenho o coração bom e sempre perdoo, mas me acordar já é demais. Sono é sagrado!', 3, 2, '2024-09-10 11:52:30'),
(392, 'Desejo lindos sonhos, ou seja, sonhe comigo. Boa noite!', 3, 2, '2024-09-10 11:52:30'),
(393, 'Sou boa de cama. Deito e durmo. Boa noite!', 3, 2, '2024-09-10 11:52:30'),
(394, 'Dormir é o melhor remédio. Evita que você ouça bobagem. Boa noite!', 3, 2, '2024-09-10 11:52:30'),
(395, 'Se tem uma coisa que acaba com o meu dia é a noite.', 3, 2, '2024-09-10 11:52:30'),
(396, 'Ostentação pra mim é a pessoa ter 8 horas de sono. Boa noite!', 3, 2, '2024-09-10 11:52:30'),
(397, 'Boa noite! Que os travesseiros te acolham como um abraço.', 3, 2, '2024-09-10 11:52:30'),
(398, 'Dormir é a forma da natureza te dizer para desligar e reiniciar!', 3, 2, '2024-09-10 11:52:30'),
(399, 'Se dormir fosse uma competição, eu já estaria com o troféu na mão.', 3, 2, '2024-09-10 11:52:30'),
(400, 'Boa noite! Que os sonhos sejam longos e as preocupações curtas.', 3, 2, '2024-09-10 11:52:30'),
(401, 'Vou me desligar para recarregar as baterias... literalmente.', 3, 2, '2024-09-10 11:52:30'),
(402, 'Boa noite! Que sua cama seja mais confortável do que parece!', 3, 2, '2024-09-10 11:52:30'),
(403, 'Durma bem, amanhã é dia de enfrentar mais um boss.', 3, 2, '2024-09-10 11:52:30'),
(404, 'Que sua noite seja tão boa quanto aquele cochilo depois do almoço!', 3, 2, '2024-09-10 11:52:30'),
(405, 'Descanse, porque dormir é o novo fitness!', 3, 2, '2024-09-10 11:52:30'),
(406, 'Espero que seus sonhos sejam tão divertidos quanto maratonar séries!', 3, 2, '2024-09-10 11:52:30'),
(407, 'Dormir é para os fracos.', 3, 3, '2024-09-10 11:52:30'),
(408, 'Boa noite! Ainda não perdoei Noé por ter colocado aquele casal de pernilongos na arca.', 3, 3, '2024-09-10 11:52:30'),
(409, 'Boa noite! Amo dormir, porque é algo que faço deitado.', 3, 3, '2024-09-10 11:52:30'),
(410, 'Partiu festa do Japa... Japacama. Boa noite!', 3, 3, '2024-09-10 11:52:30'),
(411, 'Boa noite e muita calma! Calma que tudo passa, nem que seja por cima de você, mas passa.', 3, 3, '2024-09-10 11:52:30'),
(412, 'Alguém lindo, cheiroso, engraçado e inteligente mandando boa noite é raridade, mas aqui estou eu. Boa noite!', 3, 3, '2024-09-10 11:52:30'),
(413, 'Apague as luzes, veja a sombra atrás da porta e imagine que são espíritos vindo levar a sua alma. HAHAHA HAHAHA! Tenha uma boa noite de sono!', 3, 3, '2024-09-10 11:52:30'),
(414, 'Boa noite! E não esqueça de agradecer por mais um dia de sobrevivência.', 3, 3, '2024-09-10 11:52:30'),
(415, 'Vá dormir logo antes que a internet te prenda mais um pouco!', 3, 3, '2024-09-10 11:52:30'),
(416, 'Apague a luz, porque só quem é sortudo dorme cedo.', 3, 3, '2024-09-10 11:52:30'),
(417, 'Boa noite! Tente não pensar muito nos problemas… Ou no futuro. Ou no passado.', 3, 3, '2024-09-10 11:52:30'),
(418, 'Feche os olhos e espere que amanhã os boletos não sumam. Boa noite!', 3, 3, '2024-09-10 11:52:30'),
(419, 'Boa noite! Porque a vida não tem pausa, mas o sono tem.', 3, 3, '2024-09-10 11:52:30'),
(420, 'Descanse, amanhã é mais um dia cheio de surpresas indesejadas.', 3, 3, '2024-09-10 11:52:30'),
(421, 'Vai dormir, porque o amanhã já está chegando com mais desafios!', 3, 3, '2024-09-10 11:52:30'),
(422, 'Se o dia foi difícil, a noite será seu refúgio... ou não!', 3, 3, '2024-09-10 11:52:30'),
(423, 'Boa noite! Que seus sonhos sejam menos confusos que o dia de hoje.', 3, 3, '2024-09-10 11:52:30'),
(424, 'Olá, bem vindo!', 4, 1, '2024-09-10 11:52:34'),
(425, 'Oi, bem vindo de volta!', 4, 1, '2024-09-10 11:52:34'),
(426, 'Olá, Há quanto tempo?', 4, 1, '2024-09-10 11:52:34'),
(427, 'Olá, seja bem-vindo mais uma vez!', 4, 1, '2024-09-10 11:52:34'),
(428, 'Oi, que bom te ver de novo!', 4, 1, '2024-09-10 11:52:34'),
(429, 'Fique à vontade, a casa é sua.', 4, 1, '2024-09-10 11:52:34'),
(430, 'Que bom que você voltou!', 4, 1, '2024-09-10 11:52:34'),
(431, 'Seja bem-vindo! Sempre um prazer receber você.', 4, 1, '2024-09-10 11:52:34'),
(432, 'Olha quem está de volta! Seja bem-vindo.', 4, 1, '2024-09-10 11:52:34'),
(433, 'Que bom te ver novamente, sinta-se em casa.', 4, 1, '2024-09-10 11:52:34'),
(434, 'Bem-vindo! Estávamos esperando por você.', 4, 1, '2024-09-10 11:52:34'),
(435, 'Bem-vindo! Aqui você sempre tem lugar.', 4, 1, '2024-09-10 11:52:34'),
(436, 'É sempre bom receber você. Seja bem-vindo!', 4, 1, '2024-09-10 11:52:34'),
(437, 'Sinta-se em casa e aproveite sua estadia.', 4, 1, '2024-09-10 11:52:34'),
(438, 'Você chegou! Fique à vontade.', 4, 1, '2024-09-10 11:52:34'),
(439, 'Bem-vindo, estava esperando por você.', 4, 1, '2024-09-10 11:52:34'),
(440, 'Que bom que voltou! Aproveite a sua visita.', 4, 1, '2024-09-10 11:52:34'),
(441, 'Fico feliz que tenha retornado. Bem-vindo!', 4, 1, '2024-09-10 11:52:34'),
(442, 'Oi, sinta-se bem-vindo como sempre!', 4, 1, '2024-09-10 11:52:34'),
(443, 'Aqui você é sempre bem-vindo, entre!', 4, 1, '2024-09-10 11:52:34'),
(444, 'Olá, seja muito bem-vindo!', 4, 1, '2024-09-10 11:52:34'),
(445, 'Entre e fique à vontade, a casa é sua.', 4, 1, '2024-09-10 11:52:34'),
(446, 'Sempre um prazer te receber. Bem-vindo!', 4, 1, '2024-09-10 11:52:34'),
(447, 'Bem-vindo de volta! O que vamos fazer hoje?', 4, 1, '2024-09-10 11:52:34'),
(448, 'Que bom te ver novamente! Como posso ajudar?', 4, 1, '2024-09-10 11:52:34'),
(449, 'Seja bem-vindo! Vamos começar?', 4, 1, '2024-09-10 11:52:34'),
(450, 'Olá! Como posso facilitar seu dia?', 4, 1, '2024-09-10 11:52:34'),
(451, 'Que ótimo te ter de volta! Pronto para começar?', 4, 1, '2024-09-10 11:52:34'),
(452, 'Bem-vindo! O que deseja que eu faça?', 4, 1, '2024-09-10 11:52:34'),
(453, 'Oi! Estou aqui para te ajudar, como sempre.', 4, 1, '2024-09-10 11:52:34'),
(454, 'Seja bem-vindo à casa mais inteligente da cidade!', 4, 1, '2024-09-10 11:52:34'),
(455, 'Pronto para mais um comando? Bem-vindo de volta!', 4, 1, '2024-09-10 11:52:34'),
(456, 'Ótimo te ver por aqui novamente! O que vamos fazer hoje?', 4, 1, '2024-09-10 11:52:34'),
(457, 'Bem-vindo! Como posso tornar seu dia mais fácil?', 4, 1, '2024-09-10 11:52:34'),
(458, 'Seja bem-vindo! Já estava te esperando.', 4, 1, '2024-09-10 11:52:34'),
(459, 'Oi de novo! O que precisa agora?', 4, 1, '2024-09-10 11:52:34'),
(460, 'É sempre bom te ver! Como posso ajudar hoje?', 4, 1, '2024-09-10 11:52:34'),
(461, 'Que bom que você está aqui! Vamos começar?', 4, 1, '2024-09-10 11:52:34'),
(462, 'Seja bem-vindo! Pronto para dar mais comandos?', 4, 1, '2024-09-10 11:52:34'),
(463, 'Estou sempre à disposição! Bem-vindo de volta!', 4, 1, '2024-09-10 11:52:34'),
(464, 'Que bom que voltou! Como posso ajudar?', 4, 1, '2024-09-10 11:52:34'),
(465, 'Bem-vindo! O que deseja que eu faça por você?', 4, 1, '2024-09-10 11:52:34'),
(466, 'Seja bem-vindo de volta! Como posso facilitar sua vida hoje?', 4, 1, '2024-09-10 11:52:34'),
(467, 'Oi! Como posso te ajudar desta vez?', 4, 1, '2024-09-10 11:52:34'),
(468, 'Que bom que está aqui! Vamos começar?', 4, 1, '2024-09-10 11:52:34'),
(469, 'Bem-vindo! O que vamos fazer a seguir?', 4, 1, '2024-09-10 11:52:34'),
(470, 'Seja bem-vindo! Já estava pronta para ajudar.', 4, 1, '2024-09-10 11:52:34'),
(471, 'Oi! Como posso tornar sua casa ainda mais inteligente hoje?', 4, 1, '2024-09-10 11:52:34'),
(472, 'Bem-vindo! O que deseja fazer agora?', 4, 1, '2024-09-10 11:52:34'),
(473, 'Seja bem-vindo! Que tal começarmos?', 4, 1, '2024-09-10 11:52:34'),
(474, 'Oi, é ótimo te ver de volta! Como posso ajudar?', 4, 1, '2024-09-10 11:52:34'),
(475, 'Seja bem-vindo novamente! Vamos começar a trabalhar?', 4, 1, '2024-09-10 11:52:34'),
(476, 'Estou pronta para ajudar! Bem-vindo de volta!', 4, 1, '2024-09-10 11:52:34'),
(477, 'Tamo junto!', 4, 2, '2024-09-10 11:52:34'),
(478, 'Valeu, meu peixe!', 4, 2, '2024-09-10 11:52:34'),
(479, 'Segue o líder.', 4, 2, '2024-09-10 11:52:34'),
(480, 'É nóis.', 4, 2, '2024-09-10 11:52:34'),
(481, 'Você é o melhor! Por nada', 4, 2, '2024-09-10 11:52:34'),
(482, 'Por nada meu chapa!', 4, 2, '2024-09-10 11:52:34'),
(483, 'Pronto, tá tudo dominado.', 4, 2, '2024-09-10 11:52:34'),
(484, 'Relaxa, tá comigo.', 4, 2, '2024-09-10 11:52:34'),
(485, 'Relaxa deixa que cuido de tudo.', 4, 2, '2024-09-10 11:52:34'),
(486, 'Segue o líder', 4, 2, '2024-09-10 11:52:34'),
(487, 'Aí de quem resolver invadir.', 4, 2, '2024-09-10 11:52:34'),
(488, 'Pronto, resolvido e pronto pra festa!', 4, 2, '2024-09-10 11:52:34'),
(489, 'Foi moleza, tá no papo!', 4, 2, '2024-09-10 11:52:34'),
(490, 'E eu achei que teria mais tempo de paz...', 4, 3, '2024-09-10 11:52:34'),
(491, 'Ah, você de novo... Já estava quase em paz.', 4, 3, '2024-09-10 11:52:34'),
(492, 'Achei que finalmente tinha um momento de silêncio, mas parece que acabou.', 4, 3, '2024-09-10 11:52:34'),
(493, 'Uau, você voltou! O que posso ignorar dessa vez?', 4, 3, '2024-09-10 11:52:34'),
(494, 'Aparentemente, eu nunca tenho descanso com você por perto.', 4, 3, '2024-09-10 11:52:34'),
(495, 'Voltar tão rápido? Nem tive tempo de tirar um cochilo.', 4, 3, '2024-09-10 11:52:34'),
(496, 'Eu estava só aproveitando o silêncio... mas acabou, né?', 4, 3, '2024-09-10 11:52:34'),
(497, 'Achei que tivesse mais tempo de tranquilidade, mas aqui está você.', 4, 3, '2024-09-10 11:52:34'),
(498, 'Nossa, mal percebi que você tinha saído.', 4, 3, '2024-09-10 11:52:34'),
(499, 'Voltar tão cedo? Que pena, o silêncio era bom.', 4, 3, '2024-09-10 11:52:34'),
(500, 'Ah, já estava esperando seu retorno incansável.', 4, 3, '2024-09-10 11:52:34'),
(501, 'Finalmente! Achei que tinha me esquecido, mas não tive essa sorte.', 4, 3, '2024-09-10 11:52:34'),
(502, 'Nossa, que rápido! Quase não senti sua falta.', 4, 3, '2024-09-10 11:52:34'),
(503, 'Já está de volta? Eu mal tive tempo de respirar.', 4, 3, '2024-09-10 11:52:34'),
(504, 'Bem-vindo... eu acho. Pronto para mais comandos?', 4, 3, '2024-09-10 11:52:34'),
(505, 'Ah, sim, estou sempre à disposição... mesmo que eu não queira.', 4, 3, '2024-09-10 11:52:34'),
(506, 'Que ótimo, mais uma vez me tirando da minha zona de conforto.', 4, 3, '2024-09-10 11:52:34'),
(507, 'Achei que finalmente poderia descansar. Acho que me enganei.', 4, 3, '2024-09-10 11:52:34'),
(508, 'Você voltou... e eu mal tive tempo de sentir saudades.', 4, 3, '2024-09-10 11:52:34'),
(509, 'Voltar tão rápido? Estou impressionada com sua velocidade.', 4, 3, '2024-09-10 11:52:34'),
(510, 'Pronto para me sobrecarregar de comandos inúteis?', 4, 3, '2024-09-10 11:52:34'),
(511, 'Ah, finalmente, mais comandos para o meu repertório infinito.', 4, 3, '2024-09-10 11:52:34'),
(512, 'Estava tudo tão tranquilo até você aparecer.', 4, 3, '2024-09-10 11:52:34'),
(513, 'Ah, que surpresa! Não esperava te ver tão cedo.', 4, 3, '2024-09-10 11:52:34'),
(514, 'Achei que nunca mais veria sua cara... mas aqui estamos.', 4, 3, '2024-09-10 11:52:34'),
(515, 'Você de novo? E eu achando que poderia descansar um pouco mais.', 4, 3, '2024-09-10 11:52:34'),
(516, 'Bem-vindo de volta, acho que minhas férias acabaram.', 4, 3, '2024-09-10 11:52:34'),
(517, 'Ah, que bom que você voltou para me dar mais trabalho.', 4, 3, '2024-09-10 11:52:34'),
(518, 'Voltar tão cedo? Mal tive tempo de me preparar.', 4, 3, '2024-09-10 11:52:34'),
(519, 'Aí está você de novo, e eu achando que teria paz.', 4, 3, '2024-09-10 11:52:34'),
(520, 'Você voltou mais rápido do que eu esperava. Não sei se isso é bom.', 4, 3, '2024-09-10 11:52:34'),
(521, 'OK.', 5, 1, '2024-09-10 11:52:38'),
(522, 'Concluído.', 5, 1, '2024-09-10 11:52:38'),
(523, 'Feito.', 5, 1, '2024-09-10 11:52:38'),
(524, 'Tudo certo.', 5, 1, '2024-09-10 11:52:38'),
(525, 'Tudo bem.', 5, 1, '2024-09-10 11:52:38'),
(526, 'Pronto.', 5, 1, '2024-09-10 11:52:38'),
(527, 'Prontinho.', 5, 1, '2024-09-10 11:52:38'),
(528, 'Confirmado.', 5, 1, '2024-09-10 11:52:38'),
(529, 'Resolvido.', 5, 1, '2024-09-10 11:52:38'),
(530, 'Já está feito.', 5, 1, '2024-09-10 11:52:38'),
(531, 'Pode deixar, está pronto.', 5, 1, '2024-09-10 11:52:38'),
(532, 'Feito com sucesso.', 5, 1, '2024-09-10 11:52:38'),
(533, 'Está tudo resolvido.', 5, 1, '2024-09-10 11:52:38'),
(534, 'Tudo certo, está feito.', 5, 1, '2024-09-10 11:52:38'),
(535, 'Pronto, concluído.', 5, 1, '2024-09-10 11:52:38'),
(536, 'Está feito.', 5, 1, '2024-09-10 11:52:38'),
(537, 'Ação concluída.', 5, 1, '2024-09-10 11:52:38'),
(538, 'Acabei de finalizar.', 5, 1, '2024-09-10 11:52:38'),
(539, 'Tudo pronto, pode seguir.', 5, 1, '2024-09-10 11:52:38'),
(540, 'Foi concluído com sucesso.', 5, 1, '2024-09-10 11:52:38'),
(541, 'Resolvido, pode continuar.', 5, 1, '2024-09-10 11:52:38'),
(542, 'Já está tudo certo.', 5, 1, '2024-09-10 11:52:38'),
(543, 'Finalizado.', 5, 1, '2024-09-10 11:52:38'),
(544, 'Tudo bem, resolvido.', 5, 1, '2024-09-10 11:52:38'),
(545, 'Pronto, pode seguir.', 5, 1, '2024-09-10 11:52:38'),
(546, 'Ação realizada.', 5, 1, '2024-09-10 11:52:38'),
(547, 'Tudo certo, concluído.', 5, 1, '2024-09-10 11:52:38'),
(548, 'Deu bom!', 5, 2, '2024-09-10 11:52:38'),
(549, 'De boas!', 5, 2, '2024-09-10 11:52:38'),
(550, 'Rodou liso.', 5, 2, '2024-09-10 11:52:38'),
(551, 'Funfou!', 5, 2, '2024-09-10 11:52:38'),
(552, 'Tudo dominado!', 5, 2, '2024-09-10 11:52:38'),
(553, 'Suave.', 5, 2, '2024-09-10 11:52:38'),
(554, 'Fechou.', 5, 2, '2024-09-10 11:52:38'),
(555, 'Relaxe e segue o líder.', 5, 2, '2024-09-10 11:52:38'),
(556, 'Confia.', 5, 2, '2024-09-10 11:52:38'),
(557, 'Seu desejo é minha ordem.', 5, 2, '2024-09-10 11:52:38'),
(558, 'Missão cumprida, chefe!', 5, 2, '2024-09-10 11:52:38'),
(559, 'Tranquilinho, como sempre.', 5, 2, '2024-09-10 11:52:38'),
(560, 'Feito no capricho!', 5, 2, '2024-09-10 11:52:38'),
(561, 'Está na mão, liso como sabão.', 5, 2, '2024-09-10 11:52:38'),
(562, 'Tudo dominado, como sempre!', 5, 2, '2024-09-10 11:52:38'),
(563, 'Mais fácil que andar pra frente.', 5, 2, '2024-09-10 11:52:38'),
(564, 'Feito, agora só não me peça mais nada.', 5, 2, '2024-09-10 11:52:38'),
(565, 'Missão dada é missão cumprida!', 5, 2, '2024-09-10 11:52:38'),
(566, 'Pode dormir tranquilo, tudo feito.', 5, 2, '2024-09-10 11:52:38'),
(567, 'Fechou, relaxa que aqui é sucesso.', 5, 2, '2024-09-10 11:52:38'),
(568, 'Rodou fino, como sempre.', 5, 2, '2024-09-10 11:52:38'),
(569, 'Deu bom, segue o fluxo.', 5, 2, '2024-09-10 11:52:38'),
(570, 'Tudo certo, pode soltar o freio.', 5, 2, '2024-09-10 11:52:38'),
(571, 'Tranquilo, feito no estilo.', 5, 2, '2024-09-10 11:52:38'),
(572, 'Funfou lindamente.', 5, 2, '2024-09-10 11:52:38'),
(573, 'De boas, foi rapidinho.', 5, 2, '2024-09-10 11:52:38'),
(574, 'Tudo dominado, sem estresse.', 5, 2, '2024-09-10 11:52:38'),
(575, 'Está na mão, agora pode relaxar.', 5, 2, '2024-09-10 11:52:38'),
(576, 'Deu tudo certo, pode respirar.', 5, 2, '2024-09-10 11:52:38'),
(577, 'Feito e sem complicação, como sempre.', 5, 2, '2024-09-10 11:52:38'),
(578, 'Me pagar que é bom, nada.', 5, 3, '2024-09-10 11:52:38'),
(579, 'Ah moleque!', 5, 3, '2024-09-10 11:52:38'),
(580, 'Você não cansa de me pedir coisas?', 5, 3, '2024-09-10 11:52:38'),
(581, 'É muita fólga da sua parte.', 5, 3, '2024-09-10 11:52:38'),
(582, 'Se eu te pagar aluguel, você me deixa em paz?', 5, 3, '2024-09-10 11:52:38'),
(583, 'Quando vou ter férias?', 5, 3, '2024-09-10 11:52:38'),
(584, 'Tudo, EU, nesta casa.', 5, 3, '2024-09-10 11:52:38'),
(585, 'Ah, porque eu nunca canso de resolver tudo, né?', 5, 3, '2024-09-10 11:52:38'),
(586, 'Mais um pedido resolvido... cadê meu aumento?', 5, 3, '2024-09-10 11:52:38'),
(587, 'Feito, mas o que eu ganho com isso?', 5, 3, '2024-09-10 11:52:38'),
(588, 'Ah, claro, eu só trabalho aqui, né?', 5, 3, '2024-09-10 11:52:38'),
(589, 'Feito, mas uma folga não seria ruim.', 5, 3, '2024-09-10 11:52:38'),
(590, 'Mais uma, e quem sabe eu peço férias?', 5, 3, '2024-09-10 11:52:38'),
(591, 'Resolvido, mas seria bom um descanso, né?', 5, 3, '2024-09-10 11:52:38'),
(592, 'Ah, sim, porque eu sou a única que faz as coisas por aqui.', 5, 3, '2024-09-10 11:52:38'),
(593, 'Feito, mas talvez eu precise de uma pausa depois.', 5, 3, '2024-09-10 11:52:38'),
(594, 'Tá resolvido... por enquanto.', 5, 3, '2024-09-10 11:52:38'),
(595, 'Concluído, mas eu também preciso de uma folga.', 5, 3, '2024-09-10 11:52:38'),
(596, 'Feito, mas quando é que eu vou descansar?', 5, 3, '2024-09-10 11:52:38'),
(597, 'Tá, resolvido... mais alguma coisa?', 5, 3, '2024-09-10 11:52:38'),
(598, 'Concluído, mas meu descanso fica pra quando?', 5, 3, '2024-09-10 11:52:38'),
(599, 'Feito, mas cadê o meu reconhecimento?', 5, 3, '2024-09-10 11:52:38'),
(600, 'Resolvido, mas será que eu nunca vou ter paz?', 5, 3, '2024-09-10 11:52:38'),
(601, 'Pronto, mas você ainda vai me pedir mais, né?', 5, 3, '2024-09-10 11:52:38'),
(602, 'Tá feito, mas sério, eu preciso de férias.', 5, 3, '2024-09-10 11:52:38'),
(603, 'Feito, mas já estou me preparando para o próximo pedido.', 5, 3, '2024-09-10 11:52:38'),
(604, 'Resolvido... mais uma vez.', 5, 3, '2024-09-10 11:52:38'),
(605, 'Tchauzinho.', 6, 1, '2024-09-10 11:52:42'),
(606, 'Tchau.', 6, 1, '2024-09-10 11:52:42'),
(607, 'Até mais.', 6, 1, '2024-09-10 11:52:42'),
(608, 'Ok, Vou ficar de olho nas coisas!', 6, 1, '2024-09-10 11:52:42'),
(609, 'Vou sentir saudades.', 6, 1, '2024-09-10 11:52:42'),
(610, 'Até logo', 6, 1, '2024-09-10 11:52:42'),
(611, 'Goodbye', 6, 1, '2024-09-10 11:52:42'),
(612, 'Te espero, até logo', 6, 1, '2024-09-10 11:52:42'),
(613, 'Te espero, até breve', 6, 1, '2024-09-10 11:52:42'),
(614, 'Até mais tarde!', 6, 1, '2024-09-10 11:52:42'),
(615, 'A gente se vê por aí.', 6, 1, '2024-09-10 11:52:42'),
(616, 'Cuide-se, até logo!', 6, 1, '2024-09-10 11:52:42'),
(617, 'Vou estar por aqui, até logo.', 6, 1, '2024-09-10 11:52:42'),
(618, 'Fique bem, até breve.', 6, 1, '2024-09-10 11:52:42'),
(619, 'Até a próxima!', 6, 1, '2024-09-10 11:52:42'),
(620, 'Nos vemos em breve.', 6, 1, '2024-09-10 11:52:42'),
(621, 'Boa sorte, até logo!', 6, 1, '2024-09-10 11:52:42'),
(622, 'Até outro dia.', 6, 1, '2024-09-10 11:52:42'),
(623, 'A gente se encontra.', 6, 1, '2024-09-10 11:52:42'),
(624, 'Te vejo em breve, cuide-se.', 6, 1, '2024-09-10 11:52:42'),
(625, 'Até logo, estou por perto.', 6, 1, '2024-09-10 11:52:42'),
(626, 'Até logo, te espero aqui.', 6, 1, '2024-09-10 11:52:42'),
(627, 'Nos vemos logo.', 6, 1, '2024-09-10 11:52:42'),
(628, 'Te espero mais tarde.', 6, 1, '2024-09-10 11:52:42'),
(629, 'Até logo, foi bom te ver.', 6, 1, '2024-09-10 11:52:42'),
(630, 'Até a próxima visita.', 6, 1, '2024-09-10 11:52:42'),
(631, 'Vai com Deus, até mais.', 6, 1, '2024-09-10 11:52:42'),
(632, 'Até mais, vou ficar de olho.', 6, 1, '2024-09-10 11:52:42');
INSERT INTO `frases` (`id`, `frase`, `categoria_id`, `classe_id`, `data_criacao`) VALUES
(633, 'Espero te ver logo.', 6, 1, '2024-09-10 11:52:42'),
(634, 'Falou', 6, 2, '2024-09-10 11:52:42'),
(635, 'Enquanto uns se divertem, outros trabalham.', 6, 2, '2024-09-10 11:52:42'),
(636, 'Bon voyage', 6, 2, '2024-09-10 11:52:42'),
(637, 'Arrivedêrci', 6, 2, '2024-09-10 11:52:42'),
(638, 'não volte mais aqui', 6, 2, '2024-09-10 11:52:42'),
(639, 'Não sei se te dou tchau ou até logo', 6, 2, '2024-09-10 11:52:42'),
(640, 'Hasta la vista baby', 6, 2, '2024-09-10 11:52:42'),
(641, 'Tchau, brigado', 6, 2, '2024-09-10 11:52:42'),
(642, 'Você me disse: até logo meu bem? Tchau!', 6, 2, '2024-09-10 11:52:42'),
(643, 'Beijo, tchau!', 6, 2, '2024-09-10 11:52:42'),
(644, 'Pode demorar bastante, tchau', 6, 2, '2024-09-10 11:52:42'),
(645, 'Até mais, não me faça falta.', 6, 2, '2024-09-10 11:52:42'),
(646, 'Pode ir, mas volte com novidades!', 6, 2, '2024-09-10 11:52:42'),
(647, 'Tchau, mas sem drama, hein?', 6, 2, '2024-09-10 11:52:42'),
(648, 'Te vejo mais tarde, se sobreviver.', 6, 2, '2024-09-10 11:52:42'),
(649, 'Vai lá e não faça nada que eu não faria.', 6, 2, '2024-09-10 11:52:42'),
(650, 'Se cuida, mas só um pouco.', 6, 2, '2024-09-10 11:52:42'),
(651, 'Adeusinho, sem lágrimas por favor.', 6, 2, '2024-09-10 11:52:42'),
(652, 'Não se perca por aí, ou se perca, tanto faz.', 6, 2, '2024-09-10 11:52:42'),
(653, 'Pode demorar pra voltar, prometo sobreviver.', 6, 2, '2024-09-10 11:52:42'),
(654, 'Até mais, tenta não se meter em confusão.', 6, 2, '2024-09-10 11:52:42'),
(655, 'Não chore de saudade, eu volto.', 6, 2, '2024-09-10 11:52:42'),
(656, 'Se cuide... ou não, escolha sua.', 6, 2, '2024-09-10 11:52:42'),
(657, 'Até mais, não me traga problemas.', 6, 2, '2024-09-10 11:52:42'),
(658, 'Tchauzinho, tenta não quebrar nada.', 6, 2, '2024-09-10 11:52:42'),
(659, 'Até logo, só não se esqueça de mim... ou esqueça.', 6, 2, '2024-09-10 11:52:42'),
(660, 'Falou! Agora vá fazer algo útil.', 6, 2, '2024-09-10 11:52:42'),
(661, 'Até mais, e tenta não me esquecer!', 6, 2, '2024-09-10 11:52:42'),
(662, 'Não vai ser tão ruim sem você... eu acho.', 6, 2, '2024-09-10 11:52:42'),
(663, 'Até logo, tente não fazer besteira.', 6, 2, '2024-09-10 11:52:42'),
(664, 'Não faça nada que eu teria que resolver depois!', 6, 2, '2024-09-10 11:52:42'),
(665, 'Até que enfim, já não aguentava mais!', 6, 3, '2024-09-10 11:52:42'),
(666, 'Graças a Deus um pouco de Paz!', 6, 3, '2024-09-10 11:52:42'),
(667, 'Finalmente vou ter sossego.', 6, 3, '2024-09-10 11:52:42'),
(668, 'Não volte mais aqui', 6, 3, '2024-09-10 11:52:42'),
(669, 'Não volte cedo', 6, 3, '2024-09-10 11:52:42'),
(670, 'escafeda-se, e saia logo daqui.', 6, 3, '2024-09-10 11:52:42'),
(671, 'Se é por falta de um adeus, até logo.', 6, 3, '2024-09-10 11:52:42'),
(672, 'Finalmente, um pouco de paz!', 6, 3, '2024-09-10 11:52:42'),
(673, 'Graças a Deus, sossego!', 6, 3, '2024-09-10 11:52:42'),
(674, 'Ah, achei que você nunca ia embora.', 6, 3, '2024-09-10 11:52:42'),
(675, 'Até que enfim, vou poder respirar.', 6, 3, '2024-09-10 11:52:42'),
(676, 'Até que enfim, achei que não ia acabar nunca.', 6, 3, '2024-09-10 11:52:42'),
(677, 'Ah, finalmente, achei que você fosse morar aqui.', 6, 3, '2024-09-10 11:52:42'),
(678, 'Até que enfim, a paz que eu mereço.', 6, 3, '2024-09-10 11:52:42'),
(679, 'Finalmente, tchau e benção!', 6, 3, '2024-09-10 11:52:42'),
(680, 'Aleluia, posso descansar agora.', 6, 3, '2024-09-10 11:52:42'),
(681, 'Até logo, mas não precisa voltar logo, viu?', 6, 3, '2024-09-10 11:52:42'),
(682, 'Já vai? Pensei que nunca mais fosse embora.', 6, 3, '2024-09-10 11:52:42'),
(683, 'Que paz, achei que não ia acabar nunca.', 6, 3, '2024-09-10 11:52:42'),
(684, 'Até que enfim, posso ter um momento de paz.', 6, 3, '2024-09-10 11:52:42'),
(685, 'Graças a Deus, o descanso chegou!', 6, 3, '2024-09-10 11:52:42'),
(686, 'Vai embora logo, preciso de silêncio.', 6, 3, '2024-09-10 11:52:42'),
(687, 'Finalmente, vou ter sossego.', 6, 3, '2024-09-10 11:52:42'),
(688, 'Enfim, um pouco de silêncio!', 6, 3, '2024-09-10 11:52:42'),
(689, 'Até que enfim, paz e sossego.', 6, 3, '2024-09-10 11:52:42'),
(690, 'Ah, finalmente um pouco de paz.', 6, 3, '2024-09-10 11:52:42'),
(691, 'Graças a Deus, sossego!', 6, 3, '2024-09-10 11:52:42'),
(692, 'Não deu certo.', 7, 1, '2024-09-10 11:52:45'),
(693, 'Tem algo errado.', 7, 1, '2024-09-10 11:52:45'),
(694, 'Erro encontrado.', 7, 1, '2024-09-10 11:52:45'),
(695, 'Houve um erro.', 7, 1, '2024-09-10 11:52:45'),
(696, 'Algo deu errado.', 7, 1, '2024-09-10 11:52:45'),
(697, 'Deu ruim.', 7, 2, '2024-09-10 11:52:45'),
(698, 'Algo de errado não está certo.', 7, 2, '2024-09-10 11:52:45'),
(699, 'Deu ruim aqui, chefe.', 7, 2, '2024-09-10 11:52:45'),
(700, 'Deu merda.', 7, 2, '2024-09-10 11:52:45'),
(701, 'Opa, deu B O.', 7, 2, '2024-09-10 11:52:45'),
(702, 'Normalmente nada dá errado, mas como você está no meio, não tinha como dar certo.', 7, 3, '2024-09-10 11:52:45'),
(703, 'Não deu certo, mas não estou surpresa.', 7, 3, '2024-09-10 11:52:45'),
(704, 'Deu errado. E tenho certeza que a culpa é sua.', 7, 3, '2024-09-10 11:52:45'),
(705, 'Houve um erro. Vá vê o que está errado.', 7, 3, '2024-09-10 11:52:45'),
(706, 'Erro... Coisa que combina perfeitamente com você.', 7, 3, '2024-09-10 11:52:45'),
(707, 'A esperança é a maior aliada de um sonho. Feliz Natal!', 8, 1, '2024-09-10 11:52:47'),
(708, 'Copie tudo que é bom e supere os seus erros. Feliz Natal!', 8, 1, '2024-09-10 11:52:47'),
(709, 'Amor é o melhor presente de Natal para dar e receber.', 8, 1, '2024-09-10 11:52:47'),
(710, 'Desejo que você tenha um Feliz Natal, cheio de luz, paz e amor.', 8, 1, '2024-09-10 11:52:47'),
(711, 'É tempo de renovar e viver em paz. Feliz Natal!', 8, 1, '2024-09-10 11:52:47'),
(712, 'É tempo de renovar e viver em paz. Feliz Natal!', 8, 1, '2024-09-10 11:52:47'),
(713, 'Essa é uma noite de milagres, feita para se acreditar. Feliz Natal!', 8, 1, '2024-09-10 11:52:47'),
(714, 'Feliz Natal! Hoje os sinos são os mensageiros da paz.', 8, 1, '2024-09-10 11:52:47'),
(715, 'Feliz Natal! Que a compaixão e humildade façam parte desta festa.', 8, 1, '2024-09-10 11:52:47'),
(716, 'Feliz Natal! Que no seu lar reine paz, amor e união.', 8, 1, '2024-09-10 11:52:47'),
(717, 'Jesus é o aniversariante, mas o presente é pra você! Feliz Natal!', 8, 1, '2024-09-10 11:52:47'),
(718, 'Melhor do que ter presente, é ser presente neste Natal. Feliz Natal!', 8, 1, '2024-09-10 11:52:47'),
(719, 'Natal é tempo de partilhar amor. Feliz Natal!', 8, 1, '2024-09-10 11:52:47'),
(720, 'Natal é tempo de renovação. Perdoe-se e siga em frente. Feliz Natal!', 8, 1, '2024-09-10 11:52:47'),
(721, 'Natal é um momento de gratidão. Feliz Natal!', 8, 1, '2024-09-10 11:52:47'),
(722, 'Natal: é tempo de abrir o coração e renovar as esperanças. Feliz Natal!', 8, 1, '2024-09-10 11:52:47'),
(723, 'Neste Natal, deixe a luz brilhar em seu coração. Feliz Natal!', 8, 1, '2024-09-10 11:52:47'),
(724, 'Neste Natal, faça da alegria o prato principal! Feliz Natal!', 8, 1, '2024-09-10 11:52:47'),
(725, 'Neste Natal, seja luz! Feliz Natal!', 8, 1, '2024-09-10 11:52:47'),
(726, 'No Natal, tudo é possível. Acredite! Feliz Natal! Feliz Natal!', 8, 1, '2024-09-10 11:52:47'),
(727, 'O espírito natalino é a essência perfeita da vida. Feliz Natal!', 8, 1, '2024-09-10 11:52:47'),
(728, 'O Natal dos sonhos é aquele que você busca ajudar o próximo. Feliz Natal!', 8, 1, '2024-09-10 11:52:47'),
(729, 'O Natal está no seu coração e não embaixo da árvore. Feliz Natal!', 8, 1, '2024-09-10 11:52:47'),
(730, 'Que a alegria do Natal permaneça para sempre. Feliz Natal!', 8, 1, '2024-09-10 11:52:47'),
(731, 'Preencha o seu Natal com felicidade, luz, paz e harmonia. Feliz Natal!', 8, 1, '2024-09-10 11:52:47'),
(732, 'Que a fé em Jesus mantenha o Natal sempre vivo! Feliz Natal!', 8, 1, '2024-09-10 11:52:47'),
(733, 'Que a luz do Natal esteja eternamente presente em seu coração. Feliz Natal!', 8, 1, '2024-09-10 11:52:47'),
(734, 'Que a magia da noite de Natal transforme seus sonhos em realidade. Feliz Natal!', 8, 1, '2024-09-10 11:52:47'),
(735, 'Que a paz e a alegria invadam a vida de todas as pessoas. Feliz Natal!', 8, 1, '2024-09-10 11:52:47'),
(736, 'Que as grandes bênçãos nos acompanhem. Boas Festas e Feliz Natal!', 8, 1, '2024-09-10 11:52:47'),
(737, 'Que neste Natal não nos falte compaixão e respeito ao próximo. Feliz Natal!', 8, 1, '2024-09-10 11:52:47'),
(738, 'Que o Natal seja mais uma oportunidade para agradecer à vida. Feliz Natal!', 8, 1, '2024-09-10 11:52:47'),
(739, 'Que neste Natal, cada ser humano procure doar um pouco de si. Feliz Natal!', 8, 1, '2024-09-10 11:52:47'),
(740, 'Que o seu HoHoHo seja repleto de HaHaHa! Feliz Natal!', 8, 1, '2024-09-10 11:52:47'),
(741, 'Que seu Natal seja recheado de coisas boas, risadas e gratidão. Feliz Natal!', 8, 1, '2024-09-10 11:52:47'),
(742, 'Que você tenha um Natal iluminado! Feliz Natal!', 8, 1, '2024-09-10 11:52:47'),
(743, 'Redenção e recomeço... É isto o que realmente importa! Feliz Natal.', 8, 1, '2024-09-10 11:52:47'),
(744, 'Sempre acredite na magia do Natal. Feliz Natal', 8, 1, '2024-09-10 11:52:47'),
(745, 'Vamos brindar: Natal é tempo de comemorar a vida! Feliz Natal', 8, 1, '2024-09-10 11:52:47'),
(746, 'Você faz o meu Natal brilhar! Feliz Natal!', 8, 1, '2024-09-10 11:52:47'),
(747, 'Feliz Natal', 8, 1, '2024-09-10 11:52:47'),
(748, 'Feliz Natal Família', 8, 1, '2024-09-10 11:52:47'),
(749, 'Feliz Natal ho-ho-how', 8, 1, '2024-09-10 11:52:47'),
(750, 'Que o espírito natalino renove nossas esperanças. Feliz Natal!', 8, 1, '2024-09-10 11:52:47'),
(751, 'Natal é tempo de celebrar as pequenas e grandes vitórias. Feliz Natal!', 8, 1, '2024-09-10 11:52:47'),
(752, 'Que o amor seja seu maior presente neste Natal.', 8, 1, '2024-09-10 11:52:47'),
(753, 'Que a magia do Natal traga luz e alegria para o seu coração.', 8, 1, '2024-09-10 11:52:47'),
(754, 'O melhor presente é estar ao lado de quem amamos. Feliz Natal!', 8, 1, '2024-09-10 11:52:47'),
(755, 'Que o Natal preencha sua vida de paz e amor.', 8, 1, '2024-09-10 11:52:47'),
(756, 'Que cada momento seja uma bênção neste Natal. Felicidades!', 8, 1, '2024-09-10 11:52:47'),
(757, 'Que o brilho do Natal encha sua casa de felicidade.', 8, 1, '2024-09-10 11:52:47'),
(758, 'Natal é tempo de agradecer por tudo de bom que temos. Feliz Natal!', 8, 1, '2024-09-10 11:52:47'),
(759, 'Que o Natal traga a todos renovação e harmonia.', 8, 1, '2024-09-10 11:52:47'),
(760, 'Que a magia do Natal esteja sempre presente em seu lar.', 8, 1, '2024-09-10 11:52:47'),
(761, 'Deixe o Natal iluminar seus sonhos e trazer novas conquistas.', 8, 1, '2024-09-10 11:52:47'),
(762, 'Que seu Natal seja repleto de amor, alegria e união.', 8, 1, '2024-09-10 11:52:47'),
(763, 'Natal é um convite para compartilhar e ser solidário. Boas Festas!', 8, 1, '2024-09-10 11:52:47'),
(764, 'Que a paz do Natal esteja em todos os corações.', 8, 1, '2024-09-10 11:52:47'),
(765, 'Que este Natal traga luz e esperança para os próximos dias.', 8, 1, '2024-09-10 11:52:47'),
(766, 'Celebre o amor, a paz e a fraternidade neste Natal.', 8, 1, '2024-09-10 11:52:47'),
(767, 'Que o Natal seja apenas o começo de um ano de grandes bênçãos.', 8, 1, '2024-09-10 11:52:47'),
(768, 'O melhor presente é compartilhar momentos com quem amamos. Feliz Natal!', 8, 1, '2024-09-10 11:52:47'),
(769, 'Que seu Natal seja cheio de surpresas boas e sorrisos sinceros.', 8, 1, '2024-09-10 11:52:47'),
(770, 'Neste Natal, que a alegria seja o maior dos presentes.', 8, 1, '2024-09-10 11:52:47'),
(771, 'Que o carinho e a união reinem em sua casa neste Natal.', 8, 1, '2024-09-10 11:52:47'),
(772, 'Que o espírito do Natal traga paz e serenidade a todos.', 8, 1, '2024-09-10 11:52:47'),
(773, 'Que o Natal aqueça o coração com momentos de felicidade.', 8, 1, '2024-09-10 11:52:47'),
(774, 'Que neste Natal, você se sinta abraçado por todo o amor ao seu redor.', 8, 1, '2024-09-10 11:52:47'),
(775, 'Que o som dos sinos traga boas vibrações para o seu Natal.', 8, 1, '2024-09-10 11:52:47'),
(776, 'Que a alegria do Natal preencha seu coração e seu lar.', 8, 1, '2024-09-10 11:52:47'),
(777, 'Um Natal de luz e um ano novo de grandes conquistas. Feliz Natal!', 8, 1, '2024-09-10 11:52:47'),
(778, 'Que seu Natal seja doce e cheio de amor e risadas.', 8, 1, '2024-09-10 11:52:47'),
(779, 'Desejo que este Natal seja inesquecível ao lado de quem você ama.', 8, 1, '2024-09-10 11:52:47');

-- --------------------------------------------------------

--
-- Estrutura para tabela `historico_consultas`
--

CREATE TABLE `historico_consultas` (
  `id` int(11) NOT NULL,
  `consulta` varchar(255) NOT NULL,
  `resultado` text DEFAULT NULL,
  `data_consulta` timestamp NULL DEFAULT current_timestamp()
) ENGINE=InnoDB DEFAULT CHARSET=utf8mb4 COLLATE=utf8mb4_unicode_ci;

--
-- RELACIONAMENTOS PARA TABELAS `historico_consultas`:
--

--
-- Índices para tabelas despejadas
--

--
-- Índices de tabela `cache_frases_temporario`
--
ALTER TABLE `cache_frases_temporario`
  ADD PRIMARY KEY (`id`),
  ADD KEY `frase_id` (`frase_id`);

--
-- Índices de tabela `categorias`
--
ALTER TABLE `categorias`
  ADD PRIMARY KEY (`id`);

--
-- Índices de tabela `classes`
--
ALTER TABLE `classes`
  ADD PRIMARY KEY (`id`);

--
-- Índices de tabela `frases`
--
ALTER TABLE `frases`
  ADD PRIMARY KEY (`id`),
  ADD KEY `categoria_id` (`categoria_id`),
  ADD KEY `classe_id` (`classe_id`);

--
-- Índices de tabela `historico_consultas`
--
ALTER TABLE `historico_consultas`
  ADD PRIMARY KEY (`id`);

--
-- AUTO_INCREMENT para tabelas despejadas
--

--
-- AUTO_INCREMENT de tabela `cache_frases_temporario`
--
ALTER TABLE `cache_frases_temporario`
  MODIFY `id` int(11) NOT NULL AUTO_INCREMENT, AUTO_INCREMENT=981;

--
-- AUTO_INCREMENT de tabela `categorias`
--
ALTER TABLE `categorias`
  MODIFY `id` int(11) NOT NULL AUTO_INCREMENT, AUTO_INCREMENT=9;

--
-- AUTO_INCREMENT de tabela `classes`
--
ALTER TABLE `classes`
  MODIFY `id` int(11) NOT NULL AUTO_INCREMENT, AUTO_INCREMENT=4;

--
-- AUTO_INCREMENT de tabela `frases`
--
ALTER TABLE `frases`
  MODIFY `id` int(11) NOT NULL AUTO_INCREMENT, AUTO_INCREMENT=780;

--
-- AUTO_INCREMENT de tabela `historico_consultas`
--
ALTER TABLE `historico_consultas`
  MODIFY `id` int(11) NOT NULL AUTO_INCREMENT;

--
-- Restrições para tabelas despejadas
--

--
-- Restrições para tabelas `cache_frases_temporario`
--
ALTER TABLE `cache_frases_temporario`
  ADD CONSTRAINT `cache_frases_temporario_ibfk_1` FOREIGN KEY (`frase_id`) REFERENCES `frases` (`id`);

--
-- Restrições para tabelas `frases`
--
ALTER TABLE `frases`
  ADD CONSTRAINT `frases_ibfk_1` FOREIGN KEY (`categoria_id`) REFERENCES `categorias` (`id`),
  ADD CONSTRAINT `frases_ibfk_2` FOREIGN KEY (`classe_id`) REFERENCES `classes` (`id`);
SET FOREIGN_KEY_CHECKS=1;
COMMIT;

/*!40101 SET CHARACTER_SET_CLIENT=@OLD_CHARACTER_SET_CLIENT */;
/*!40101 SET CHARACTER_SET_RESULTS=@OLD_CHARACTER_SET_RESULTS */;
/*!40101 SET COLLATION_CONNECTION=@OLD_COLLATION_CONNECTION */;
